Date/Time,"Steam flow 
(t/h)","Export power.
(MW)","Post combustion 
temp. C","Flue gas temp inlet 
bag filter temp. C","IDF Running 
(PV Control.) %","RGF Running 
(PV Control.) %",Sootblow,"PAF Running 
(PV Control.) %",Problem
3/12/2025 8:00 ¹.,0,0,0,0,0,0,0,0,0
3/12/2025 9:00 ¹.,0,0,0,0,0,0,0,0,0
3/12/2025 10:00 ¹.,0,0,0,0,0,0,0,0,0
3/12/2025 11:00 ¹.,0,0,0,0,0,0,0,0,0
3/12/2025 12:00 ¹.,10,-0.165,30.3,28.1,0,1.2,0,0.9,0
3/12/2025 13:00 ¹.,10,-0.135,30.8,28.9,0,1.2,0,0.9,0
3/12/2025 14:00 ¹.,10,-0.309,31.2,29.9,0,1.2,0,0.9,0
3/12/2025 15:00 ¹.,10,-0.339,31.3,30.7,0,1.2,0,0.8,0
3/12/2025 16:00 ¹.,10,-0.138,31.4,31.8,0,1.2,0,0.9,13
3/12/2025 17:00 ¹.,10,-0.132,31.2,32.3,0,1.2,0,0.9,0
3/12/2025 18:00 ¹.,9,-0.136,31.3,32.2,0,1.2,0,0.9,24
3/12/2025 19:00 ¹.,9,-0.3,30.6,31.9,0,1.2,0,0.9,0
3/12/2025 20:00 ¹.,9,-0.445,30.3,31.4,1.2,1.2,0,0.9,0
3/12/2025 21:00 ¹.,9,-0.446,30,31,1.2,1.2,0,0.9,0
3/12/2025 22:00 ¹.,9,-0.457,29.9,30.3,1.2,1.2,0,0.9,0
3/12/2025 23:00 ¹.,8,-0.496,29.9,29.8,27.3,1.2,0,0.9,0
3/12/2025 0:00 ¹.,8,-0.532,29.3,25.4,62.8,1.2,0,0.9,0
4/12/2025 1:00 ¹.,8,-0.621,28,24.3,75.8,1.2,0,0.9,0
4/12/2025 2:00 ¹.,8,-0.534,33.6,24.6,36.2,1.2,0,5,0
4/12/2025 3:00 ¹.,8,-0.521,40.6,25.7,36.3,1.2,0,17.9,0
4/12/2025 4:00 ¹.,8,-0.531,54.7,27,37.8,1.2,0,20.5,0
4/12/2025 5:00 ¹.,8,-0.536,51.5,28.3,42.4,1.2,0,23.2,0
4/12/2025 6:00 ¹.,8,-0.449,53.5,29.8,44.1,1.2,0,30.5,0
4/12/2025 7:00 ¹.,8,-0.39,78.3,31.9,45.4,1.2,0,34.9,51
4/12/2025 8:00 ¹.,8,-0.392,116.2,37,46.3,1.2,0,41,0
4/12/2025 9:00 ¹.,8,-0.433,100.6,42.8,56.4,19.6,0,44.5,0
4/12/2025 10:00 ¹.,9,-0.464,97.9,49.8,62.3,31,0,45.8,0
4/12/2025 11:00 ¹.,9,-0.465,108.1,53.4,62.9,31,0,45.9,0
4/12/2025 12:00 ¹.,9,-0.461,130.1,59.5,63.8,31,0,45.9,0
4/12/2025 13:00 ¹.,9,-0.455,152.7,66.4,64,31,0,45.5,0
4/12/2025 14:00 ¹.,10,-0.45,163.4,72.6,62.9,31,0,41,0
4/12/2025 15:00 ¹.,9,-0.456,148.8,75.8,64.6,31,0,41,0
4/12/2025 16:00 ¹.,9,-0.456,156.8,78.1,65.1,31,0,41,35
4/12/2025 17:00 ¹.,9,-0.572,193.3,83.1,59.1,31,0,30.5,0
4/12/2025 18:00 ¹.,9,-0.561,182.5,86.6,53.6,31,0,22.7,0
4/12/2025 19:00 ¹.,9,-0.553,174.1,87.7,52.3,31,0,20.9,0
4/12/2025 20:00 ¹.,9,-0.548,162.6,87.1,51,31.6,0,18.6,0
4/12/2025 21:00 ¹.,9,-0.549,162.7,87.8,50.9,36,0,15.9,0
4/12/2025 22:00 ¹.,9,-0.552,169,88.4,51.8,36,0,17.7,1
4/12/2025 23:00 ¹.,9,-0.54,152.2,88.6,51.5,36,0,17.9,0
4/12/2025 0:00 ¹.,9,-0.543,159,89.2,51.9,36,0,17.9,0
5/12/2025 1:00 ¹.,9,-0.643,170.9,78.1,50.9,36,0,17.9,0
5/12/2025 2:00 ¹.,9,-0.541,156.6,81.5,51.2,36,0,17.9,0
5/12/2025 3:00 ¹.,8,-0.542,156.4,85.4,51.5,35.9,0,17.9,2
5/12/2025 4:00 ¹.,8,-0.578,159.8,86.5,51.9,35.9,0,17.9,2
5/12/2025 5:00 ¹.,8,-0.568,164.8,80.9,51.7,34,0,17.9,2
5/12/2025 6:00 ¹.,8,-0.547,189.1,86.6,49.5,26,0,17.9,2
5/12/2025 7:00 ¹.,8,-0.546,201.7,91.3,51.6,26,0,17.9,2
5/12/2025 8:00 ¹.,8,-0.538,196.4,93,50.3,26,0,17.9,2
5/12/2025 9:00 ¹.,8,-0.577,169.2,91.5,49.6,26,0,17.9,0
5/12/2025 10:00 ¹.,8,-0.571,171.1,79.6,48.7,26,0,17.9,0
5/12/2025 11:00 ¹.,8,-0.547,164.8,87.7,49.8,26,0,17.9,0
5/12/2025 12:00 ¹.,9,-0.549,170.8,89.7,49.7,26,0,17.9,0
5/12/2025 13:00 ¹.,9,-0.545,165.8,89.7,50,26,0,18.2,0
5/12/2025 14:00 ¹.,9,-0.541,183.7,91.1,50,26,0,17.9,0
5/12/2025 15:00 ¹.,9,-0.596,195.4,89,49.6,26,0,17.9,0
5/12/2025 16:00 ¹.,9,-0.542,232.1,93.9,50.8,26,0,17.1,0
5/12/2025 17:00 ¹.,9,-0.529,182.8,97.9,49.9,26,0,16.9,0
5/12/2025 18:00 ¹.,9,-0.541,192.2,97.9,49.6,26,0,16.9,3
5/12/2025 19:00 ¹.,8,-0.573,178.5,96.2,49.5,26,0,16.9,3
5/12/2025 20:00 ¹.,8,-0.684,188.6,86.5,49.2,25.9,0,16.9,3
5/12/2025 21:00 ¹.,8,-0.68,179.2,91.5,49.2,25.9,0,16.9,3
5/12/2025 22:00 ¹.,8,-0.689,181,93.7,49.4,25.9,0,16.9,3
5/12/2025 23:00 ¹.,8,-0.689,178.3,93.9,49.2,25.9,0,16.9,3
5/12/2025 0:00 ¹.,8,-0.689,176.6,85.4,48.9,25.9,0,16.9,0
6/12/2025 1:00 ¹.,7,-0.809,328.8,100.8,71.6,45.7,0,37.3,0
6/12/2025 2:00 ¹.,7,-0.838,518.5,146.1,76.2,64,0,42,0
6/12/2025 3:00 ¹.,-1,0,561,147.5,73.8,65.7,0,43.2,0
6/12/2025 4:00 ¹.,0,0,608.5,141.8,74.8,65.7,0,45.8,0
6/12/2025 5:00 ¹.,0,0,616.9,145.6,76.2,65.7,0,49.2,0
6/12/2025 6:00 ¹.,9,0,656.9,141.3,76.3,73.2,0,47,0
6/12/2025 7:00 ¹.,20,3.113,674.4,146.6,78.5,80.8,0,48.6,0
6/12/2025 8:00 ¹.,21,3.193,699.1,149.9,78.9,80.8,0,49.9,0
6/12/2025 9:00 ¹.,24,4.059,766,156.5,77.1,80.7,0,47,0
6/12/2025 10:00 ¹.,25,4.095,763.9,156.4,77.4,83.7,0,47,0
6/12/2025 11:00 ¹.,18,2.719,667.6,161.2,79.9,88,0,45.9,0
6/12/2025 12:00 ¹.,20,2.971,675.3,162.7,80.4,90.6,0,46.2,0
6/12/2025 13:00 ¹.,23,3.77,746.6,164.2,80.8,90.4,0,45.7,0
6/12/2025 14:00 ¹.,26,4.401,776.5,163.1,79.7,91.2,0,44.3,0
6/12/2025 15:00 ¹.,24,3.899,754.5,162.8,79.3,91.2,0,43.9,0
6/12/2025 16:00 ¹.,26,4.383,797.2,164.8,80.4,92.7,0,43.8,0
6/12/2025 17:00 ¹.,26,4.384,779.2,165,80.7,95.4,0,43.8,0
6/12/2025 18:00 ¹.,19,2.767,671.7,165.3,81.9,95.6,0,43.8,0
6/12/2025 19:00 ¹.,22,3.454,711.9,164.7,80.7,95.6,0,42.6,0
6/12/2025 20:00 ¹.,24,3.784,749.6,165.1,80.9,95.5,0,41.9,0
6/12/2025 21:00 ¹.,25,4.173,768.2,165.5,82.1,95.5,0,42.8,0
6/12/2025 22:00 ¹.,25,4.116,772.2,164.5,81.4,95.6,0,42.8,0
6/12/2025 23:00 ¹.,23,3.775,742.3,164.4,81.3,95.5,0,42.8,0
6/12/2025 0:00 ¹.,24,3.917,743.6,165.3,81.3,95.5,0,42.8,0
7/12/2025 1:00 ¹.,34,5.792,861.1,167.1,85.3,95.5,0,47.9,0
7/12/2025 2:00 ¹.,39,6.76,910.5,168.2,89,95.5,0,53.9,0
7/12/2025 3:00 ¹.,37,6.407,889.1,169.4,89.4,95.5,0,53.2,0
7/12/2025 4:00 ¹.,39,6.897,947.4,169.6,90.5,95.5,0,52.3,0
7/12/2025 5:00 ¹.,38,6.623,959.8,170.8,90.6,95.3,0,52.3,0
7/12/2025 6:00 ¹.,34,5.84,875.3,163.9,90,93.2,0,53.9,0
7/12/2025 7:00 ¹.,36,6.289,883.2,153.8,84.6,90.6,0,52.4,0
7/12/2025 8:00 ¹.,37,6.535,905.3,154.8,84.8,93.8,0,51.2,0
7/12/2025 9:00 ¹.,39,6.913,928,157.8,85.4,95.6,0,51.2,0
7/12/2025 10:00 ¹.,41,7.431,941.7,159.2,89.4,95.6,0,53.9,0
7/12/2025 11:00 ¹.,40,7.049,904,159.9,90.1,95.6,0,56.3,0
7/12/2025 12:00 ¹.,39,6.928,908.9,161.7,90.8,95.6,0,56.3,0
7/12/2025 13:00 ¹.,43,7.683,969,163.1,90.4,95.6,0,55.5,0
7/12/2025 14:00 ¹.,40,7.089,938,163.2,91.4,94.7,0,57.1,0
7/12/2025 15:00 ¹.,38,6.827,948.9,163.6,93.1,90.2,0,58.3,0
7/12/2025 16:00 ¹.,42,7.631,969.8,159,90.2,92.8,0,56.6,0
7/12/2025 17:00 ¹.,43,7.772,975.9,159.9,90.6,95.6,0,54.3,0
7/12/2025 18:00 ¹.,41,7.26,934.6,158.8,88,95.6,0,54.2,0
7/12/2025 19:00 ¹.,37,6.422,906.3,165.9,89,95.5,0,52,0
7/12/2025 20:00 ¹.,43,7.839,1001.8,174.3,92.4,95.3,0,53.3,0
7/12/2025 21:00 ¹.,42,7.428,951.6,171.1,89.7,95.3,0,54.3,0
7/12/2025 22:00 ¹.,42,7.576,981.1,171.4,90.6,95.3,0,54.1,0
7/12/2025 23:00 ¹.,38,6.619,943.5,171.1,91.7,95.2,0,54.1,0
7/12/2025 0:00 ¹.,39,6.863,947.6,165.2,91.6,95.5,0,54.3,0
8/12/2025 1:00 ¹.,42,7.618,988.4,159.3,87.6,94.7,0,51.3,0
8/12/2025 2:00 ¹.,41,7.272,954,159.1,87.8,93.6,0,51.8,0
8/12/2025 3:00 ¹.,42,7.521,981.8,160,87.6,90.6,0,52.1,0
8/12/2025 4:00 ¹.,39,6.932,937.7,159.7,85.1,90.6,0,51.5,0
8/12/2025 5:00 ¹.,37,6.407,919,160.9,88.3,92.3,0,52.7,0
8/12/2025 6:00 ¹.,40,7.188,974.1,164.3,93.4,95.8,0,53.3,0
8/12/2025 7:00 ¹.,42,7.599,979.5,160.3,90.3,95.6,0,51.9,0
8/12/2025 8:00 ¹.,42,7.534,956.4,160.8,89.9,95.6,0,51.7,0
8/12/2025 9:00 ¹.,44,8.075,1005.2,161,89.1,95.5,0,51.3,0
8/12/2025 10:00 ¹.,38,6.674,899.2,160.2,87.6,95.6,0,52.3,0
8/12/2025 11:00 ¹.,40,7.136,930.4,162.1,86.8,95.6,0,51.6,0
8/12/2025 12:00 ¹.,41,7.241,942.6,162,86.3,95.6,0,51.7,0
8/12/2025 13:00 ¹.,44,7.732,977.8,163.1,87.4,95.6,0,51.2,0
8/12/2025 14:00 ¹.,42,7.664,1007.7,165.8,91.9,95.5,0,51.3,0
8/12/2025 15:00 ¹.,40,6.957,964.7,163.7,89.9,95.5,0,51.5,0
8/12/2025 16:00 ¹.,41,7.206,954.6,159.7,87.5,95.6,0,52.7,0
8/12/2025 17:00 ¹.,42,7.532,956.7,160.8,86.3,95.6,0,53,0
8/12/2025 18:00 ¹.,37,6.389,895.9,161.2,86.2,94.1,0,52.2,0
8/12/2025 19:00 ¹.,42,7.536,961.2,162.2,86,95.7,0,53.6,0
8/12/2025 20:00 ¹.,41,7.423,972.5,162.7,89.9,95.5,0,55.2,0
8/12/2025 21:00 ¹.,41,7.54,989.9,165.4,93.6,95.3,0,55.2,0
8/12/2025 22:00 ¹.,39,6.873,937.7,160.9,90,95.6,0,53,0
8/12/2025 23:00 ¹.,42,7.495,969.2,158.6,87.6,95.6,0,52.3,0
8/12/2025 0:00 ¹.,44,7.833,962.1,160.3,90.4,95.6,0,55.3,0
9/12/2025 1:00 ¹.,42,7.461,950.4,160.9,89.8,95.6,0,55.3,0
9/12/2025 2:00 ¹.,38,6.655,904.5,160.8,89.9,94,0,55.3,0
9/12/2025 3:00 ¹.,38,6.68,908.7,161.7,89.2,93.6,0,54.7,0
9/12/2025 4:00 ¹.,39,6.832,922.8,161.5,89.8,92.2,0,55.7,0
9/12/2025 5:00 ¹.,42,7.579,969.8,162,89.6,90.5,0,55.7,0
9/12/2025 6:00 ¹.,40,7.138,957.8,162.5,88.7,90.5,0,54.4,0
9/12/2025 7:00 ¹.,41,7.454,991.5,162.5,88.7,89.3,0,55.7,0
9/12/2025 8:00 ¹.,41,7.437,1007.5,163.1,88.4,87.1,0,52.9,0
9/12/2025 9:00 ¹.,43,7.721,973,167.1,91.2,95.5,0,52.8,0
9/12/2025 10:00 ¹.,44,7.762,978.8,164.6,89.7,95.4,0,57.8,0
9/12/2025 11:00 ¹.,41,7.267,935.3,165.1,91.6,95.2,0,59.6,0
9/12/2025 12:00 ¹.,43,7.636,968.8,167.6,92.7,95.2,0,59.6,0
9/12/2025 13:00 ¹.,42,7.441,965.8,168.3,91.9,95.3,0,57.6,0
9/12/2025 14:00 ¹.,42,7.343,991.5,169.4,92.3,95.7,0,55.1,0
9/12/2025 15:00 ¹.,38,6.688,947.8,164.8,90.3,95.1,0,54.3,0
9/12/2025 16:00 ¹.,39,6.868,926.1,162.3,89.3,94.5,0,52.1,0
9/12/2025 17:00 ¹.,41,7.347,961.9,160.5,85,94.8,0,51.6,0
9/12/2025 18:00 ¹.,40,7.089,940.1,160,85.9,91.5,0,54,0
9/12/2025 19:00 ¹.,43,7.926,972.1,164,91,93.3,0,57.7,0
9/12/2025 20:00 ¹.,44,7.772,984.8,163.3,89.4,90.3,0,58.2,0
9/12/2025 21:00 ¹.,42,7.611,970.9,163.6,90.7,90.8,0,57.8,0
9/12/2025 22:00 ¹.,43,8.115,999.9,165.7,91.5,95.4,0,56.8,0
9/12/2025 23:00 ¹.,44,8.147,1002.7,166.6,93.3,95.5,0,57,0
9/12/2025 0:00 ¹.,44,8.11,1003.6,167.1,93.2,95.5,0,56.6,0
10/12/2025 1:00 ¹.,44,8.139,996.7,169,94.2,95.5,0,56.7,0
10/12/2025 2:00 ¹.,44,8.108,995.1,166.2,91.2,95.4,0,57.1,0
10/12/2025 3:00 ¹.,45,8.121,1000.3,165.6,91.5,93.9,0,57.3,0
10/12/2025 4:00 ¹.,44,7.875,989.6,166.4,91.7,92.3,0,57,0
10/12/2025 5:00 ¹.,40,7.14,985.4,166.8,92.9,93.5,0,57.8,0
10/12/2025 6:00 ¹.,37,6.593,956.9,164.6,93,93.5,0,58.4,0
10/12/2025 7:00 ¹.,41,7.36,965.6,158.3,91.3,92.1,0,59,0
10/12/2025 8:00 ¹.,41,7.315,951.3,160.3,89.8,91.1,0,59.2,0
10/12/2025 9:00 ¹.,39,6.917,924.4,168.7,94.1,90.6,0,56.2,0
10/12/2025 10:00 ¹.,44,7.762,972,162.4,89,93.9,0,59.5,0
10/12/2025 11:00 ¹.,43,7.447,976.7,162.5,89.2,91.3,0,60.2,0
10/12/2025 12:00 ¹.,42,7.403,965.1,164.1,90.3,93.2,0,60.1,0
10/12/2025 13:00 ¹.,41,7.234,969.3,164.4,89.4,92.3,0,57.9,0
10/12/2025 14:00 ¹.,39,6.743,966.5,165.7,91.2,89,0,58.3,0
10/12/2025 15:00 ¹.,39,6.717,954.6,162.5,91,90.1,0,59.3,0
10/12/2025 16:00 ¹.,42,7.385,963.7,159.8,90.1,91.9,0,60.2,0
10/12/2025 17:00 ¹.,42,7.253,946,161.1,91.1,90.5,0,62.1,0
10/12/2025 18:00 ¹.,40,7.081,944.8,160.9,92.9,86.3,0,64.9,0
10/12/2025 19:00 ¹.,42,7.595,989.8,163.7,93.7,90.9,0,64.1,0
10/12/2025 20:00 ¹.,44,7.898,988.7,164.8,94.5,90.2,0,64.8,0
10/12/2025 21:00 ¹.,39,6.973,951.2,164.2,93.7,90.2,0,64.8,0
10/12/2025 22:00 ¹.,40,7.254,976.8,166.4,95.2,92.6,0,64.8,0
10/12/2025 23:00 ¹.,44,8.051,1008.1,168.4,96.4,94.5,0,64.8,0
10/12/2025 0:00 ¹.,43,7.69,1005.6,170.5,98.2,93.1,0,64.1,0
11/12/2025 1:00 ¹.,42,7.459,963.2,169.1,93,95.2,0,60.5,0
11/12/2025 2:00 ¹.,43,7.623,1002.7,167,89.4,93.9,0,57.4,0
11/12/2025 3:00 ¹.,39,6.706,939.2,164.6,87.9,90.6,0,57.3,0
11/12/2025 4:00 ¹.,43,7.801,1033.8,167.6,93.3,92.7,0,58.3,0
11/12/2025 5:00 ¹.,39,6.882,961.6,168,93.7,91.7,0,57.6,0
11/12/2025 6:00 ¹.,33,5.619,894.5,164.9,91,90.2,0,56.7,0
11/12/2025 7:00 ¹.,36,6.372,914.8,157.9,88.2,90.4,0,55.8,0
11/12/2025 8:00 ¹.,39,6.856,920.8,158.7,87.7,90.8,0,59.6,0
11/12/2025 9:00 ¹.,40,7.089,918.6,161.1,91.2,91.3,0,61.8,0
11/12/2025 10:00 ¹.,43,7.616,958.5,162.5,92.8,90.2,0,64.8,0
11/12/2025 11:00 ¹.,42,7.528,954.4,164.9,93.8,90.9,0,65.8,0
11/12/2025 12:00 ¹.,43,7.736,981,166.1,94,91.3,0,65.8,0
11/12/2025 13:00 ¹.,41,7.259,958.8,165,94.1,92,0,64.1,0
11/12/2025 14:00 ¹.,43,7.713,998.3,164.8,91.1,90.2,0,62.2,0
11/12/2025 15:00 ¹.,44,7.992,999.5,165.6,93.9,94.3,0,62.4,0
11/12/2025 16:00 ¹.,44,7.997,1017.6,169,95.2,93.9,0,63.8,0
11/12/2025 17:00 ¹.,44,8.097,1005.6,171.1,95.2,95.1,0,63.2,0
11/12/2025 18:00 ¹.,42,7.586,990.5,167.3,91.3,92,0,63.1,0
11/12/2025 19:00 ¹.,44,7.942,997.8,167.9,90.9,93.6,0,63.1,0
11/12/2025 20:00 ¹.,43,7.849,1005.6,170.3,94.3,93.6,0,62.4,0
11/12/2025 21:00 ¹.,43,8.102,1048.9,177.8,100.2,93.6,0,61.3,0
11/12/2025 22:00 ¹.,38,6.868,933.1,176.2,99.4,94,0,60.3,0
11/12/2025 23:00 ¹.,44,7.929,1017.1,170.1,97,95.3,0,61.4,0
11/12/2025 0:00 ¹.,38,6.497,934.4,165.7,95.1,91.6,0,63,0
12/12/2025 1:00 ¹.,43,7.89,989.6,162.9,94.5,92.3,0,63.1,0
12/12/2025 2:00 ¹.,35,6.004,865.2,161.6,90,90.2,0,61.4,0
12/12/2025 3:00 ¹.,39,6.828,927.8,165.7,91.5,90.2,0,57.9,0
12/12/2025 4:00 ¹.,43,7.8,998.5,165.9,93.1,92.3,0,61.6,0
12/12/2025 5:00 ¹.,42,7.666,1020,167,97.5,90.5,0,62.9,0
12/12/2025 6:00 ¹.,41,7.205,956.1,161.7,93.2,90.3,0,63,0
12/12/2025 7:00 ¹.,43,7.703,976.8,161.7,89.3,90.3,0,63.6,0
12/12/2025 8:00 ¹.,43,8.116,1037.7,164.6,93.5,92.1,0,63.9,0
12/12/2025 9:00 ¹.,39,6.774,924.1,162.4,89.7,90.4,0,63.7,0
12/12/2025 10:00 ¹.,42,7.407,948.6,163.4,90.3,90.5,0,64.4,0
12/12/2025 11:00 ¹.,41,7.384,956.5,165.2,91.6,92.4,0,65.8,0
12/12/2025 12:00 ¹.,40,7.18,942.8,168.1,93,95.2,0,65.8,0
12/12/2025 13:00 ¹.,40,7.076,968.5,167.5,92.1,91.8,0,65.8,0
12/12/2025 14:00 ¹.,40,7.319,1027.9,169.1,95.7,93.1,0,65.5,0
12/12/2025 15:00 ¹.,42,7.392,991.1,165.5,91.9,90.6,0,64.6,0
12/12/2025 16:00 ¹.,39,6.784,946.7,164.4,89.3,90.4,0,62.9,0
12/12/2025 17:00 ¹.,42,7.516,1001.4,166.5,92.6,92.3,0,62.8,0
12/12/2025 18:00 ¹.,44,8.122,1014.9,167.9,91.4,93.5,0,62.7,0
12/12/2025 19:00 ¹.,44,7.993,1017.2,168.1,91.8,92.8,0,62.8,0
12/12/2025 20:00 ¹.,43,7.977,1013.2,168.2,90.4,91.5,0,62.1,0
12/12/2025 21:00 ¹.,43,7.975,1015.1,168,90.9,91.5,0,61.8,0
12/12/2025 22:00 ¹.,43,7.739,1018.8,167.5,90.2,91.7,0,61.7,0
12/12/2025 23:00 ¹.,42,7.441,1007.1,169.9,94.7,92.3,0,62.9,0
12/12/2025 0:00 ¹.,38,6.558,944.9,173.2,100.6,91.5,0,62.8,0
13/12/2025 1:00 ¹.,40,6.997,944.9,164.9,91.6,90.6,0,61.3,0
13/12/2025 2:00 ¹.,43,7.594,987.7,161.7,89.4,90.6,0,61.9,0
13/12/2025 3:00 ¹.,41,7.345,969.4,162.5,90,90.7,0,63,0
13/12/2025 4:00 ¹.,37,6.418,907.5,162.6,90.2,90.6,0,62.4,0
13/12/2025 5:00 ¹.,36,6.306,923,163.5,90,90.7,0,62,0
13/12/2025 6:00 ¹.,39,6.928,970.3,164.7,93.6,90.7,0,63,0
13/12/2025 7:00 ¹.,39,6.944,931.5,160.9,90.4,90.6,0,63.4,0
13/12/2025 8:00 ¹.,42,7.594,973.1,161.2,90.6,90.7,0,64.7,0
13/12/2025 9:00 ¹.,43,7.712,1000.5,162.2,90.2,90.9,0,63.6,0
13/12/2025 10:00 ¹.,42,7.546,1006,164.5,90.9,92.8,0,63.6,0
13/12/2025 11:00 ¹.,41,7.008,955.6,164.2,90.2,91.5,0,64.2,0
13/12/2025 12:00 ¹.,44,7.765,995.1,166.5,92.4,90.6,0,64.9,0
13/12/2025 13:00 ¹.,39,6.757,950.5,167.8,93.9,90.5,0,65.8,0
13/12/2025 14:00 ¹.,35,6.078,937.7,169.3,95.8,90.3,0,65.3,0
13/12/2025 15:00 ¹.,43,7.722,988.8,163.8,91.8,91.1,0,64.1,0
13/12/2025 16:00 ¹.,38,6.619,913.3,164.3,92.3,89,0,65.1,0
13/12/2025 17:00 ¹.,40,7.293,965.1,166,92.2,90.5,0,65.2,0
13/12/2025 18:00 ¹.,42,7.633,1016.9,166.9,93.7,93.1,0,64.8,0
13/12/2025 19:00 ¹.,44,8.109,1052.1,168,92.8,91.6,0,64.4,0
13/12/2025 20:00 ¹.,44,7.956,1031.2,166.2,89.5,90.6,0,63,0
13/12/2025 21:00 ¹.,43,7.909,1040.7,167,91.4,90.6,0,63,0
13/12/2025 22:00 ¹.,42,7.398,990.2,167,91.4,90.6,0,63.8,0
13/12/2025 23:00 ¹.,38,6.627,955.2,168.6,95.1,90.4,0,64.8,0
13/12/2025 0:00 ¹.,40,7.174,979,164.9,94.7,92,0,64.8,0
14/12/2025 1:00 ¹.,43,7.774,975.9,162.9,91.2,93.6,0,62.8,0
14/12/2025 2:00 ¹.,39,6.767,936.9,161.8,87.6,91.2,0,59.9,0
14/12/2025 3:00 ¹.,42,7.422,991.9,161.4,88.2,88.7,0,61,0
14/12/2025 4:00 ¹.,43,7.574,1008.4,162.9,88.5,88.9,0,60.5,0
14/12/2025 5:00 ¹.,37,6.491,946.8,166,93,90.5,0,62.3,0
14/12/2025 6:00 ¹.,38,6.525,941.7,163.4,93.2,90.6,0,62.9,0
14/12/2025 7:00 ¹.,41,7.128,955,161.4,91.2,90.7,0,62.1,0
14/12/2025 8:00 ¹.,39,6.737,932.5,162.1,87.7,89,0,62.1,0
14/12/2025 9:00 ¹.,39,6.808,939.3,163.4,88.3,89.6,0,62.2,0
14/12/2025 10:00 ¹.,40,7.098,960.8,164.7,88.6,90.6,0,61.9,0
14/12/2025 11:00 ¹.,38,6.757,937.5,166.5,88.4,90.6,0,61.2,0
14/12/2025 12:00 ¹.,39,6.806,936.6,167.2,88.1,92.5,0,61.2,0
14/12/2025 13:00 ¹.,39,6.843,965.2,167.7,89.3,91.6,0,62.2,0
14/12/2025 14:00 ¹.,41,7.432,1017.4,170.2,93.4,92,0,62.3,0
14/12/2025 15:00 ¹.,43,7.902,1019.8,164.1,91.9,91,0,62.3,0
14/12/2025 16:00 ¹.,42,7.627,989.2,164.7,89.8,90.2,0,62,0
14/12/2025 17:00 ¹.,44,8.116,1034.3,167.2,91.5,94.6,0,63.2,0
14/12/2025 18:00 ¹.,45,8.071,1015.9,165.8,90.4,90.6,0,63.2,0
14/12/2025 19:00 ¹.,43,7.779,1001.9,167.4,91.5,90.5,0,64.6,0
14/12/2025 20:00 ¹.,43,8.123,1047.5,169.4,94,92,0,64.8,0
14/12/2025 21:00 ¹.,43,8.078,1041.8,169.5,92.8,92,0,64.6,0
14/12/2025 22:00 ¹.,42,7.603,990,168.5,91.9,90.6,0,64.8,0
14/12/2025 23:00 ¹.,42,7.586,1025.7,171.1,96.3,90.4,0,64.8,0
14/12/2025 0:00 ¹.,44,7.977,1033.9,167.3,94.1,90.5,0,64.8,0
15/12/2025 1:00 ¹.,45,7.987,999.8,163.4,91.8,89.2,0,65.6,0
15/12/2025 2:00 ¹.,44,7.823,1003.8,164.3,91.1,89.4,0,64.9,0
15/12/2025 3:00 ¹.,43,7.945,1072.8,164.7,92.3,88.5,0,65.2,0
15/12/2025 4:00 ¹.,42,7.523,998.1,164.3,90.1,90.5,0,63.2,0
15/12/2025 5:00 ¹.,43,7.786,1035,165.7,92,89.4,0,63,0
15/12/2025 6:00 ¹.,42,7.407,1018.1,166.4,93.3,87.9,0,63,0
15/12/2025 7:00 ¹.,41,7.332,1001,161.4,89.8,87.4,0,62.9,0
15/12/2025 8:00 ¹.,44,7.931,1013.3,161.5,89.1,89.9,0,63,0
15/12/2025 9:00 ¹.,35,6.114,902.1,164.3,90.7,90.6,0,61.3,0
15/12/2025 10:00 ¹.,18,2.644,785.7,154.4,75,38.5,0,44.1,0
15/12/2025 11:00 ¹.,11,1.605,828.2,132,66.4,4.8,0,40.8,0
15/12/2025 12:00 ¹.,33,5.801,911,158.2,86,85.6,0,54.7,0
15/12/2025 13:00 ¹.,42,7.514,986.8,168.7,89,90.2,0,61.4,0
15/12/2025 14:00 ¹.,43,7.792,997.4,173.3,93.7,92.3,0,64.8,0
15/12/2025 15:00 ¹.,25,0,919.4,163.7,0,78.8,0,52.3,0
15/12/2025 16:00 ¹.,-1,0,752.8,116,0,41.8,0,17.3,0
15/12/2025 17:00 ¹.,6,-0.746,745.6,99.6,0,16.7,0,1.7,0
15/12/2025 18:00 ¹.,18,-0.765,658.9,88.7,0,20.6,0,1.1,0
15/12/2025 19:00 ¹.,23,-0.765,599.3,79.8,0,1.2,0,1.1,0
15/12/2025 20:00 ¹.,26,-0.763,561.4,75.6,0,1.2,0,1.1,0
15/12/2025 21:00 ¹.,27,-0.776,529.4,72.6,0,1.3,0,1.1,0
15/12/2025 22:00 ¹.,28,-0.759,502.5,67.1,0,1.2,0,1,0
15/12/2025 23:00 ¹.,29,-0.752,489.3,64.2,0,1.2,0,1,0
15/12/2025 0:00 ¹.,30,-0.746,479.4,64.1,0,1.2,0,1,0
16/12/2025 1:00 ¹.,30,-0.743,471.3,65.2,0,1.2,0,1,0
16/12/2025 2:00 ¹.,30,-0.747,464.3,66.5,0,1.2,0,1,0
16/12/2025 3:00 ¹.,31,-0.748,454.4,69.3,0,1.2,0,1,0
16/12/2025 4:00 ¹.,31,-0.768,379.5,120.7,36.8,1.2,0,1,0
16/12/2025 5:00 ¹.,6,-0.818,368.7,138.7,62.8,23.4,0,21.3,0
16/12/2025 6:00 ¹.,-1,0,545.6,164.2,78.8,47.3,0,37.1,0
16/12/2025 7:00 ¹.,-1,0,612,180.5,98.3,79.4,0,44.3,0
16/12/2025 8:00 ¹.,21,3.857,738.8,169.9,99.7,89.6,0,48.1,0
16/12/2025 9:00 ¹.,37,6.543,897.6,169.6,91.5,90.2,0,54.7,0
16/12/2025 10:00 ¹.,37,6.469,904.7,173.9,86.4,90.3,0,59.7,0
16/12/2025 11:00 ¹.,40,6.953,938.8,178.1,88.8,90.3,0,62,0
16/12/2025 12:00 ¹.,40,7.013,935.1,178.7,88.9,90.4,0,62.4,0
16/12/2025 13:00 ¹.,38,6.63,934.3,180.3,90.7,90.8,0,62.2,0
16/12/2025 14:00 ¹.,36,6.231,914,180.3,92.7,90.9,0,62.4,0
16/12/2025 15:00 ¹.,40,7.221,949.4,171.2,90.9,90.2,0,62.6,0
16/12/2025 16:00 ¹.,42,7.497,969.1,170.9,87.4,90.2,0,63.2,0
16/12/2025 17:00 ¹.,44,8.011,1000.6,174.5,93.3,93.5,0,63.2,0
16/12/2025 18:00 ¹.,43,7.503,968.1,174.5,89.2,91.7,0,63.1,0
16/12/2025 19:00 ¹.,44,7.816,981.4,174.4,90.4,91.7,0,63.6,0
16/12/2025 20:00 ¹.,43,7.808,1002.9,174,89.9,88.3,0,64.4,0
16/12/2025 21:00 ¹.,43,7.965,1008.6,176.9,95.4,91.6,0,65.6,0
16/12/2025 22:00 ¹.,44,8.14,1036.1,177.4,98,95.1,0,65.6,0
16/12/2025 23:00 ¹.,44,7.979,983.2,170.3,91.9,91.3,0,64.8,0
16/12/2025 0:00 ¹.,42,7.407,958.9,169.3,90.6,84.4,0,65.2,0
17/12/2025 1:00 ¹.,41,7.129,954.3,169.2,89.2,90.1,0,63.4,0
17/12/2025 2:00 ¹.,42,7.374,948.4,170.7,90.6,90.2,0,65.4,0
17/12/2025 3:00 ¹.,44,7.843,970.8,173.6,93.4,90.5,0,67.8,0
17/12/2025 4:00 ¹.,42,7.303,954.7,172.8,92.4,90.3,0,67.3,0
17/12/2025 5:00 ¹.,42,7.602,992.6,172.9,92.1,87.5,0,67.9,0
17/12/2025 6:00 ¹.,42,7.801,1044.4,173.1,93.5,85.8,0,67.9,0
17/12/2025 7:00 ¹.,43,8.038,1065.1,176.2,94.7,90.2,0,67.9,0
17/12/2025 8:00 ¹.,42,7.644,995.8,175.4,92.4,91.5,0,65.9,0
17/12/2025 9:00 ¹.,42,7.365,973.9,174.8,89.4,90.7,0,61.6,0
17/12/2025 10:00 ¹.,44,7.677,995.6,176,89.3,93.1,0,61.3,0
17/12/2025 11:00 ¹.,41,7.056,966.4,176.5,89,92.2,0,61.3,0
17/12/2025 12:00 ¹.,42,7.478,988.2,176.8,88.4,90.3,0,61.3,0
17/12/2025 13:00 ¹.,39,6.801,954.2,176.7,87.9,91,0,60.3,0
17/12/2025 14:00 ¹.,44,8.091,1047.5,180.4,93,95.2,0,59.2,0
17/12/2025 15:00 ¹.,44,7.788,1038.5,179.8,93.6,94.4,0,59.3,0
17/12/2025 16:00 ¹.,43,7.665,986.9,171.9,87.9,94.6,0,60.6,0
17/12/2025 17:00 ¹.,44,7.947,1014.9,172.1,89.5,93.6,0,61.3,0
17/12/2025 18:00 ¹.,43,7.762,1002.9,172.1,88,93,0,62.5,0
17/12/2025 19:00 ¹.,44,7.948,1018.1,172.4,89.6,92.1,0,63.8,0
17/12/2025 20:00 ¹.,43,8.121,1033.8,173.8,89.7,93.3,0,62,0
17/12/2025 21:00 ¹.,42,7.704,994,174.6,89.6,94.2,0,62,0
17/12/2025 22:00 ¹.,39,6.9,942.7,172.8,88.1,90.7,0,62.8,0
17/12/2025 23:00 ¹.,39,6.936,965.6,173.1,89.1,90.5,0,63.2,0
17/12/2025 0:00 ¹.,43,7.958,1029.7,175.2,91.5,94.2,0,62,0
18/12/2025 1:00 ¹.,42,7.698,995.7,175,89.7,93.4,0,61.5,0
18/12/2025 2:00 ¹.,43,7.97,1038.2,176.3,91.5,94.3,0,61.3,0
18/12/2025 3:00 ¹.,43,8.132,1088.1,178.7,93.5,95,0,61.3,0
18/12/2025 4:00 ¹.,43,7.909,1020.6,175.5,90.1,94.9,0,61.3,0
18/12/2025 5:00 ¹.,43,7.737,1013.2,174.9,89.7,92.3,0,61,0
18/12/2025 6:00 ¹.,44,8.048,1061.9,177.5,94.6,92.1,0,60.3,0
18/12/2025 7:00 ¹.,43,7.754,1021.2,169.5,89.5,90.1,0,62.7,0
18/12/2025 8:00 ¹.,37,6.572,917.6,165.8,88.6,87.5,0,64.4,0
18/12/2025 9:00 ¹.,37,6.477,911.1,167.2,88.1,88.6,0,65.5,0
18/12/2025 10:00 ¹.,46,8.128,995.9,171.4,91.3,95.2,0,65.8,0
18/12/2025 11:00 ¹.,44,8.123,1055.6,174.9,95,95.2,0,65.6,0
18/12/2025 12:00 ¹.,45,7.992,1008.3,176.6,95.1,94.7,0,62.5,0
18/12/2025 13:00 ¹.,44,7.792,994.1,169.7,89.5,92.4,0,65.1,0
18/12/2025 14:00 ¹.,43,7.578,972.2,170.6,89.8,92.4,0,65.6,0
18/12/2025 15:00 ¹.,44,7.698,986,171.3,89.9,90,0,65.2,0
18/12/2025 16:00 ¹.,44,8.054,1005.1,174.8,92.9,94.5,0,65.3,0
18/12/2025 17:00 ¹.,34,6.043,907.1,174,90.1,92,0,62,0
18/12/2025 18:00 ¹.,34,6.09,920.3,175.1,89.8,90.5,0,60.2,0
18/12/2025 19:00 ¹.,43,7.903,1021.3,174.1,89.6,92.9,0,62.2,0
18/12/2025 20:00 ¹.,43,7.894,1022.1,175.8,92,93.9,0,63.4,0
18/12/2025 21:00 ¹.,41,7.367,977.5,172.6,90,91.7,0,63.4,0
18/12/2025 22:00 ¹.,42,7.583,980.9,171.7,89.1,92.4,0,63.2,0
18/12/2025 23:00 ¹.,43,7.926,998,174.3,93.2,91.8,0,64,0
18/12/2025 0:00 ¹.,44,7.999,1005,176.9,95.6,92.2,0,64.9,0
19/12/2025 1:00 ¹.,44,8.151,1020.8,175.7,92.5,95.1,0,63.2,0
19/12/2025 2:00 ¹.,44,7.941,998.1,174.3,90.5,92.4,0,63.2,0
19/12/2025 3:00 ¹.,43,7.898,1025.1,175,93.1,90.5,0,65.4,0
19/12/2025 4:00 ¹.,44,8.133,1051.1,177.7,96.7,93.4,0,65.8,0
19/12/2025 5:00 ¹.,43,7.591,1008.8,180.6,98.5,91.8,0,64.9,0
19/12/2025 6:00 ¹.,44,8.147,1054.8,171.9,95.6,90.4,0,64.9,0
19/12/2025 7:00 ¹.,43,8.179,1064.2,170.7,94.7,91.3,0,64,0
19/12/2025 8:00 ¹.,43,8.137,1062.1,175.3,95.6,91.4,0,63.7,0
19/12/2025 9:00 ¹.,44,8.151,1028.1,175.5,93.7,92.9,0,62.8,0
19/12/2025 10:00 ¹.,43,8.126,1033.9,173.9,90.8,92.6,0,62.9,0
19/12/2025 11:00 ¹.,44,8.097,1037.2,173.8,91.6,91.4,0,64.5,0
19/12/2025 12:00 ¹.,44,8.029,1041.7,177.2,94.7,93.1,0,63.9,0
19/12/2025 13:00 ¹.,45,8.174,1035,177,92,95.3,0,63.8,0
19/12/2025 14:00 ¹.,43,7.909,1034.4,175.1,91.2,94.4,0,63.9,0
19/12/2025 15:00 ¹.,43,7.754,1015,176.8,91.4,92.6,0,63.7,0
19/12/2025 16:00 ¹.,44,8.143,1053.7,178.3,92.4,95.1,0,63.2,0
19/12/2025 17:00 ¹.,42,7.662,1011.2,177.7,90.9,91.1,0,63.7,0
19/12/2025 18:00 ¹.,42,7.581,1012.7,179.2,92.6,90.5,0,62.3,0
19/12/2025 19:00 ¹.,42,7.582,995.9,180.7,93.8,90.5,0,61.9,0
19/12/2025 20:00 ¹.,45,8.09,1033.6,177.6,94.2,90.6,0,63.9,0
19/12/2025 21:00 ¹.,41,7.23,1009.8,178.5,95.1,88.9,0,65.6,0
19/12/2025 22:00 ¹.,41,7.331,986.5,172,93.2,84.4,0,67.9,0
19/12/2025 23:00 ¹.,42,7.791,1013.2,170.3,90.4,86.2,0,65.8,0
19/12/2025 0:00 ¹.,43,7.848,1030.8,170.4,92.2,87.3,0,68.6,0
20/12/2025 1:00 ¹.,43,7.895,1041.6,172.2,92,89.3,0,68.4,0
20/12/2025 2:00 ¹.,43,8.01,1033.8,171.8,92.5,89.4,0,69.1,0
20/12/2025 3:00 ¹.,41,7.326,1002.2,171.7,90.9,87,0,67.1,0
20/12/2025 4:00 ¹.,42,7.458,995,171.6,89.8,86.6,0,65,0
20/12/2025 5:00 ¹.,43,7.863,1056.4,174.5,90.7,90,0,60.6,0
20/12/2025 6:00 ¹.,42,7.582,1039.6,172.7,91.9,90.9,0,61.9,0
20/12/2025 7:00 ¹.,43,7.907,1027.5,167.3,88.9,90.7,0,62.9,0
20/12/2025 8:00 ¹.,42,7.619,998.4,167.4,85.6,91.4,0,61.7,0
20/12/2025 9:00 ¹.,44,7.865,1018.8,169.7,87.6,91.4,0,61.3,0
20/12/2025 10:00 ¹.,42,7.887,1037.6,172.3,88,91.4,0,62.5,0
20/12/2025 11:00 ¹.,44,7.901,1033.2,172.8,87.4,89.1,0,62.5,0
20/12/2025 12:00 ¹.,42,7.438,1001.1,173.3,86.5,88.8,0,63.6,0
20/12/2025 13:00 ¹.,42,7.67,1074.7,176,91.6,88.7,0,60.5,0
20/12/2025 14:00 ¹.,44,7.906,1052.4,177,91,87.8,0,60.2,0
20/12/2025 15:00 ¹.,43,8.059,1076.2,173.3,86.2,90.1,0,59.2,0
20/12/2025 16:00 ¹.,37,6.727,990.1,172.8,85.7,86.2,0,58.9,0
20/12/2025 17:00 ¹.,15,2.561,834.3,162.9,72.8,40.8,0,43.5,0
20/12/2025 18:00 ¹.,30,5.218,930.9,162.7,81.7,72.3,0,52.2,0
20/12/2025 19:00 ¹.,43,7.819,1036.8,177.2,88.9,93.6,0,61,0
20/12/2025 20:00 ¹.,41,7.318,987.9,176.4,86.8,91.5,0,61,0
20/12/2025 21:00 ¹.,43,7.971,1055.1,178.7,91,92.1,0,62.7,0
20/12/2025 22:00 ¹.,43,7.958,1038.7,179.2,90.4,94.3,0,62.3,0
20/12/2025 23:00 ¹.,43,8.048,1135.2,181.3,94.8,94.8,0,62.9,0
20/12/2025 0:00 ¹.,43,7.774,1052.8,176.2,93.1,93.9,0,63.2,0
21/12/2025 1:00 ¹.,42,7.655,994.4,170.8,88.7,95,0,62.8,0
21/12/2025 2:00 ¹.,41,7.397,974.1,173.1,89,95.4,0,61.7,0
21/12/2025 3:00 ¹.,43,7.881,1038.6,177.5,94,95.3,0,61.3,0
21/12/2025 4:00 ¹.,44,7.939,1028.7,176.1,89.5,95.4,0,61.3,0
21/12/2025 5:00 ¹.,41,7.424,1008.3,176.7,91.5,95.5,0,61.3,0
21/12/2025 6:00 ¹.,41,7.287,1014.3,176,91.4,92.3,0,61.3,0
21/12/2025 7:00 ¹.,43,8.052,1081.9,172.3,92.2,94.2,0,61.3,0
21/12/2025 8:00 ¹.,44,8.128,1027,174,90.2,94.1,0,61.4,0
21/12/2025 9:00 ¹.,44,8.142,1032.2,174.3,89.6,95.4,0,63.1,0
21/12/2025 10:00 ¹.,45,8.092,1018.7,175,88.5,93.7,0,62.9,0
21/12/2025 11:00 ¹.,44,7.894,1014,175.7,90.7,92.3,0,63.8,0
21/12/2025 12:00 ¹.,44,8.058,1043.9,177.2,92.2,89.7,0,64.8,0
21/12/2025 13:00 ¹.,42,7.401,1025.3,178.9,92.8,90.6,0,65.1,0
21/12/2025 14:00 ¹.,42,7.63,1018.4,175.9,91.3,90.8,0,64.5,0
21/12/2025 15:00 ¹.,43,8.121,1068.7,177.9,94.5,91.7,0,65.1,0
21/12/2025 16:00 ¹.,43,8.096,1053.6,176.8,92.3,93.4,0,64.5,0
21/12/2025 17:00 ¹.,43,7.953,1028.9,177.7,92,93.7,0,64,0
21/12/2025 18:00 ¹.,44,8,1034.6,177.2,90.8,90.5,0,64,0
21/12/2025 19:00 ¹.,43,7.8,1018.2,177.1,90.3,90.5,0,64,0
21/12/2025 20:00 ¹.,43,7.767,1029.1,176.7,89.7,90.5,0,64,0
21/12/2025 21:00 ¹.,41,7.288,982.2,177.2,89.8,90.6,0,64,0
21/12/2025 22:00 ¹.,39,6.887,956.6,177.5,90.8,90.6,0,64,0
21/12/2025 23:00 ¹.,40,7.305,1057.4,179.9,94.7,90.9,0,64,0
21/12/2025 0:00 ¹.,42,7.61,1027.8,176.3,93.3,91.9,0,62.9,0
22/12/2025 1:00 ¹.,41,7.299,983.1,170.6,86.5,90.4,0,60.4,0
22/12/2025 2:00 ¹.,43,7.911,1040.7,174,89.6,93.2,0,61.3,0
22/12/2025 3:00 ¹.,43,7.525,999.9,173.1,87.1,91.5,0,60.1,0
22/12/2025 4:00 ¹.,39,6.803,950.6,172.9,87.7,90.4,0,61.7,0
22/12/2025 5:00 ¹.,42,7.488,1030.4,175.7,92.3,91.2,0,61.3,0
22/12/2025 6:00 ¹.,44,7.93,1061.4,175.9,95.2,92.9,0,61.3,0
22/12/2025 7:00 ¹.,43,8.139,1068.4,173.4,92.6,95.2,0,61.3,0
22/12/2025 8:00 ¹.,44,8.024,1031.6,172.3,89.4,92.5,0,62.1,0
22/12/2025 9:00 ¹.,44,8.006,1020,174.9,89.5,95.1,0,61.3,0
22/12/2025 10:00 ¹.,41,7.151,976.1,175.4,88.2,95.5,0,61.3,0
22/12/2025 11:00 ¹.,42,7.534,1000.8,180.7,92.4,95.6,0,61.3,0
22/12/2025 12:00 ¹.,44,8.012,1048,181.7,92.1,95.5,0,61.3,0
22/12/2025 13:00 ¹.,41,7.414,1011.5,180.4,89.6,95.5,0,61.3,0
22/12/2025 14:00 ¹.,37,6.469,941.4,178.3,85.9,95.5,0,58.6,0
22/12/2025 15:00 ¹.,41,7.172,1013.1,183.7,94.4,95.5,0,58.6,0
22/12/2025 16:00 ¹.,43,7.879,1059.3,180.5,92.9,95.5,0,59.2,0
22/12/2025 17:00 ¹.,44,7.958,1029.9,175.7,88.8,95,0,59.6,0
22/12/2025 18:00 ¹.,45,8.127,1052.7,177.3,90.6,94,0,59.7,0
22/12/2025 19:00 ¹.,43,7.563,1005.6,176.6,86.9,95.3,0,59.7,0
22/12/2025 20:00 ¹.,43,7.755,1029.9,177.2,88.9,92.2,0,61.3,0
22/12/2025 21:00 ¹.,42,7.598,1026.4,177,90.3,93.3,0,61.3,0
22/12/2025 22:00 ¹.,43,7.7,1019.6,177.7,89.1,91.2,0,61.3,0
22/12/2025 23:00 ¹.,37,6.442,973.4,177.6,89.8,90.6,0,62.2,0
22/12/2025 0:00 ¹.,41,7.167,1003.1,175.7,90.8,90.8,0,60.3,0
23/12/2025 1:00 ¹.,42,7.521,1009.6,174.1,87.7,91.1,0,60.7,0
23/12/2025 2:00 ¹.,41,7.269,983.3,174.2,87.4,90.4,0,61.3,0
23/12/2025 3:00 ¹.,39,6.777,963.5,174,86,90.5,0,60.4,0
23/12/2025 4:00 ¹.,40,7.089,987.6,175.4,89.8,90.5,0,62.3,0
23/12/2025 5:00 ¹.,43,7.691,1044,179,95.2,91.8,0,62.3,0
23/12/2025 6:00 ¹.,44,8.173,1063.6,177.6,94.8,95.3,0,62.3,0
23/12/2025 7:00 ¹.,43,8.148,1039.9,176,91.8,94.5,0,62.3,0
23/12/2025 8:00 ¹.,44,8.127,1045.3,176.5,91.7,94.6,0,62.3,0
23/12/2025 9:00 ¹.,42,7.561,1040.4,175.6,88.7,90.7,0,62.2,0
23/12/2025 10:00 ¹.,40,7.335,1016.4,176.4,88.3,90.5,0,61.5,0
23/12/2025 11:00 ¹.,36,6.305,937.3,180.7,92.5,90.5,0,61,0
23/12/2025 12:00 ¹.,38,6.764,1005.7,179.6,89.8,90.7,0,60.3,0
23/12/2025 13:00 ¹.,43,7.757,1061.4,182.7,94.4,93.5,0,62.1,0
23/12/2025 14:00 ¹.,43,7.87,1054.6,180.6,94.6,91.6,0,62.7,0
23/12/2025 15:00 ¹.,42,7.583,1013.5,175.1,90.2,90.5,0,63,0
23/12/2025 16:00 ¹.,42,7.66,1041.8,175.8,90.1,91.7,0,61.3,0
23/12/2025 17:00 ¹.,42,7.741,1020.3,178.2,89.9,94.9,0,61.3,0
23/12/2025 18:00 ¹.,42,7.483,1008.2,178.1,90.4,92.4,0,61.5,0
23/12/2025 19:00 ¹.,43,7.69,1017.9,178.1,88.8,92.4,0,60.8,0
23/12/2025 20:00 ¹.,42,7.475,1022.8,179.1,89.5,94.5,0,62.4,0
23/12/2025 21:00 ¹.,40,6.968,958.7,178.5,87.7,91.9,0,63.5,0
23/12/2025 22:00 ¹.,41,7.272,981.9,178.9,89.5,90.9,0,65.8,0
23/12/2025 23:00 ¹.,42,7.484,1042.4,182.3,95.1,94.1,0,65.8,0
23/12/2025 0:00 ¹.,38,6.684,973.9,178.6,93.1,91.1,0,65.4,0
24/12/2025 1:00 ¹.,38,6.692,949.2,172.4,88.6,90.7,0,64.4,0
24/12/2025 2:00 ¹.,44,7.945,1020.3,175.8,91,93.8,0,64.9,0
24/12/2025 3:00 ¹.,43,7.853,1027.8,177.8,91.4,94.1,0,64.9,0
24/12/2025 4:00 ¹.,42,7.587,1047.2,179.6,94.6,92.9,0,64.1,0
24/12/2025 5:00 ¹.,40,7.027,976.8,172.4,89.3,90.5,0,63.9,0
24/12/2025 6:00 ¹.,36,6.386,943.5,170.1,86.1,90.5,0,62.4,0
24/12/2025 7:00 ¹.,41,7.506,1006.4,173.4,87.6,93.1,0,63.2,0
24/12/2025 8:00 ¹.,45,8.19,1053.4,179,92.3,92,0,64,0
24/12/2025 9:00 ¹.,45,8.281,1106.4,181,92.4,93.2,0,64.1,0
24/12/2025 10:00 ¹.,44,8.239,1139,181.9,94,95.5,0,64.2,0
24/12/2025 11:00 ¹.,44,8.228,1122.8,182.1,91.7,93.7,0,64.1,0
24/12/2025 12:00 ¹.,44,8.034,1077.4,181.5,91,93.3,0,64,0
24/12/2025 13:00 ¹.,44,7.994,1057.7,181,88.2,91.8,0,63.5,0
24/12/2025 14:00 ¹.,44,8.02,1112.7,184.6,95,93.3,0,64.2,0
24/12/2025 15:00 ¹.,43,7.963,1091.7,182.4,93,95.4,0,64.1,0
24/12/2025 16:00 ¹.,41,7.208,992.8,178.3,90.1,95.4,0,64.1,0
24/12/2025 17:00 ¹.,44,8.127,1094.6,179.6,91.8,95.4,0,63.6,0
24/12/2025 18:00 ¹.,42,7.455,1001.8,178.3,88.7,95.4,0,63.1,0
24/12/2025 19:00 ¹.,44,7.704,1030.8,178.5,88.7,94.5,0,63.1,0
24/12/2025 20:00 ¹.,44,7.869,1044.8,181.2,92.1,95.4,0,63.2,0
24/12/2025 21:00 ¹.,43,7.766,1092,181.3,94.5,93.1,0,63.2,0
24/12/2025 22:00 ¹.,43,7.98,1063.4,177.2,91,94.4,0,63.1,0
24/12/2025 23:00 ¹.,43,8.02,1060.8,175.9,91.5,94.6,0,63.2,0
24/12/2025 0:00 ¹.,42,7.469,1033.8,175.3,88.9,91.3,0,58.7,0
25/12/2025 1:00 ¹.,43,7.973,1049.7,180.5,90.4,95.6,0,62.3,0
25/12/2025 2:00 ¹.,44,7.999,1076.2,182.6,90.8,93.1,0,62.7,0
25/12/2025 3:00 ¹.,45,8.054,1087.8,181,93.6,91.7,0,65.9,0
25/12/2025 4:00 ¹.,44,7.881,1073.3,179.7,94.5,90.5,0,66.4,0
25/12/2025 5:00 ¹.,44,8.184,1079.6,175.5,90.3,93.5,0,63.9,0
25/12/2025 6:00 ¹.,43,7.87,1047.7,175.4,89.8,93.3,0,64.5,0
25/12/2025 7:00 ¹.,42,7.607,1024.6,175.3,88.3,90.8,0,62.9,0
25/12/2025 8:00 ¹.,44,8.052,1067.4,177.1,89.9,92.7,0,63,0
25/12/2025 9:00 ¹.,44,8.234,1121,181.9,93.3,95.3,0,62.2,0
25/12/2025 10:00 ¹.,42,7.51,1037.3,178.5,87.7,91.5,0,61.6,0
25/12/2025 11:00 ¹.,37,6.255,995.1,180.5,93.3,88.9,0,61.5,0
25/12/2025 12:00 ¹.,44,7.761,1054.2,183.2,92.8,93.9,0,63.1,0
25/12/2025 13:00 ¹.,43,7.495,1033.3,181.1,91.7,90.4,0,65.7,0
25/12/2025 14:00 ¹.,45,8.107,1109.7,185.2,97.6,95.1,0,64.3,0
25/12/2025 15:00 ¹.,44,7.775,1054.1,179.9,94.5,93.4,0,66,0
25/12/2025 16:00 ¹.,42,7.356,1010.9,175,89.8,90.7,0,65.1,0
25/12/2025 17:00 ¹.,43,7.762,1039.8,177.2,90,93.6,0,63.5,0
25/12/2025 18:00 ¹.,42,7.709,1044,177.1,89.3,91.5,0,64.5,0
25/12/2025 19:00 ¹.,44,8.115,1068,179.7,90.6,95.1,0,64.3,0
25/12/2025 20:00 ¹.,45,7.956,1052.1,178.9,89.3,94.4,0,64,0
25/12/2025 21:00 ¹.,44,7.808,1037.9,180.1,90.3,91.3,0,64.4,0
25/12/2025 22:00 ¹.,42,7.447,1047.2,178.7,89.8,91.1,0,64.9,0
25/12/2025 23:00 ¹.,44,8.104,1072.3,180.7,93.1,95.1,0,63.9,0
25/12/2025 0:00 ¹.,43,8.002,1085.9,179.5,93.2,93.6,0,64.1,0
26/12/2025 1:00 ¹.,43,7.669,1043.8,177.3,88.1,92.4,0,61.9,0
26/12/2025 2:00 ¹.,44,7.807,1051.3,176.4,87.6,90.1,0,63.1,0
26/12/2025 3:00 ¹.,43,7.595,1064.9,177,89.3,91.3,0,63.1,0
26/12/2025 4:00 ¹.,45,8.098,1101,179.8,91.8,93.5,0,63.4,0
26/12/2025 5:00 ¹.,43,7.79,1096.1,180.9,93.9,92,0,64,0
26/12/2025 6:00 ¹.,42,7.448,1068.1,172.9,90.7,90.5,0,64.3,0
26/12/2025 7:00 ¹.,44,7.951,1064.1,170.9,88.7,89.7,0,64.8,0
26/12/2025 8:00 ¹.,43,8.122,1077.5,173.3,88.3,91.6,0,64.8,0
26/12/2025 9:00 ¹.,38,6.897,1041.1,173.8,86.4,93.7,0,57.8,0
26/12/2025 10:00 ¹.,21,3.57,881.3,162.8,72.3,47.9,0,45,0
26/12/2025 11:00 ¹.,16,2.512,869.8,142.7,71.5,33.8,0,45,0
26/12/2025 12:00 ¹.,35,6.206,957.4,174.3,84.5,90.3,0,55.4,0
26/12/2025 13:00 ¹.,32,5.679,912.5,176.4,83.8,90.4,0,52.7,0
26/12/2025 14:00 ¹.,30,5.302,921.2,177.4,80.8,89.4,0,49,0
26/12/2025 15:00 ¹.,33,5.684,936.1,177.3,83.2,87.5,0,52.9,0
26/12/2025 16:00 ¹.,42,7.605,1064.1,183.5,94.1,92.2,0,63.6,0
26/12/2025 17:00 ¹.,37,6.411,999.8,180.5,89.2,91.3,0,61.5,0
26/12/2025 18:00 ¹.,40,7.031,972.9,174,87.1,90.7,0,63.1,0
26/12/2025 19:00 ¹.,39,6.762,959.7,174.7,88,90.5,0,64.4,0
26/12/2025 20:00 ¹.,44,8.031,1069.7,179.2,91.2,92.8,0,64.9,0
26/12/2025 21:00 ¹.,45,8.215,1058.1,181.3,91.7,95.5,0,64.9,0
26/12/2025 22:00 ¹.,44,8.066,1085.5,181.7,90.8,93.8,0,63.3,0
26/12/2025 23:00 ¹.,42,7.446,1026.4,181.4,90.9,92.2,0,63.5,0
26/12/2025 0:00 ¹.,44,7.851,1047.6,180.9,90.1,92.4,0,63.7,0
27/12/2025 1:00 ¹.,44,7.957,1062.1,183.6,92.4,93.9,0,63.6,0
27/12/2025 2:00 ¹.,43,7.785,1051.1,183.4,91.1,94,0,62,0
27/12/2025 3:00 ¹.,42,7.407,1009,182.3,89.5,92.7,0,62.9,0
27/12/2025 4:00 ¹.,42,7.417,1027.7,182.1,89.6,90.9,0,63.1,0
27/12/2025 5:00 ¹.,41,7.224,1020.2,181.7,89,89.1,0,61.2,0
27/12/2025 6:00 ¹.,42,7.494,1085.6,186.4,96.4,90.3,0,62.1,0
27/12/2025 7:00 ¹.,43,8.119,1114.3,180.5,96.7,93.7,0,63.2,0
27/12/2025 8:00 ¹.,43,7.774,1033.7,176.5,90.4,90.6,0,63.5,0
27/12/2025 9:00 ¹.,45,8.129,1069.4,177.5,87.9,93.3,0,64,0
27/12/2025 10:00 ¹.,44,7.741,1033.8,177.8,88.8,91,0,64.5,0
27/12/2025 11:00 ¹.,42,7.624,1021.8,180.4,90.3,90.5,0,65.8,0
27/12/2025 12:00 ¹.,43,7.815,1052.9,180.7,90.7,91,0,65.8,0
27/12/2025 13:00 ¹.,44,7.804,1051.8,181.4,89.8,92.4,0,65.8,0
27/12/2025 14:00 ¹.,40,7.135,1022.1,182.3,93.4,90.6,0,65.8,0
27/12/2025 15:00 ¹.,43,7.746,1088,184.8,98,93,0,65.9,0
27/12/2025 16:00 ¹.,41,7.378,1026.6,178.9,92.4,94.2,0,65.9,0
27/12/2025 17:00 ¹.,40,7.193,1017,177.9,91.6,92,0,65.9,0
27/12/2025 18:00 ¹.,37,6.497,945.4,180.1,92.9,90.5,0,63.9,0
27/12/2025 19:00 ¹.,41,7.375,1032.2,179.4,91.3,91.9,0,63.7,0
27/12/2025 20:00 ¹.,44,8.16,1099.5,183.3,94.5,93.7,0,63.6,0
27/12/2025 21:00 ¹.,42,7.626,1050.6,179.5,87.6,89.6,0,63.1,0
27/12/2025 22:00 ¹.,43,7.765,1072.7,179.9,89.6,89.1,0,64.3,0
27/12/2025 23:00 ¹.,42,7.724,1102,184.7,94.3,92.3,0,64.9,0
27/12/2025 0:00 ¹.,40,7.064,1014.2,178.4,92.8,91.4,0,65,0
28/12/2025 1:00 ¹.,44,8.127,1105.4,179.4,94.2,93.4,0,65.8,0
28/12/2025 2:00 ¹.,43,7.604,1028.3,176.3,90.1,90.5,0,65.8,0
28/12/2025 3:00 ¹.,44,8.096,1102.7,179.3,91.6,90.6,0,65.8,0
28/12/2025 4:00 ¹.,42,7.573,1042.2,179.7,92.3,90.5,0,65.8,0
28/12/2025 5:00 ¹.,41,7.34,1052.9,181.5,93.8,90.6,0,65.8,0
28/12/2025 6:00 ¹.,40,7.061,1024.5,179.6,94.7,90.6,0,65.8,0
28/12/2025 7:00 ¹.,43,8.062,1054.3,178.2,93,93,0,65.6,0
28/12/2025 8:00 ¹.,43,7.899,1071.6,178.5,92.3,93.6,0,64.5,0
28/12/2025 9:00 ¹.,41,7.362,1001,178.8,90.3,92.1,0,64.8,0
28/12/2025 10:00 ¹.,41,7.263,981.6,180.4,90.3,90.2,0,64.3,0
28/12/2025 11:00 ¹.,43,7.76,1051.6,183.9,94.9,93,0,66.9,0
28/12/2025 12:00 ¹.,44,7.965,1095.8,185.7,95.9,93.5,0,67.3,0
28/12/2025 13:00 ¹.,44,7.84,1077,184.9,95.2,94,0,64.9,0
28/12/2025 14:00 ¹.,43,7.773,1059.2,186.1,97.7,93.7,0,64.9,0
28/12/2025 15:00 ¹.,44,8.131,1092.6,188.2,97.4,94.2,0,65,0
28/12/2025 16:00 ¹.,45,8.096,1070.7,184.9,91.5,92.3,0,64.9,0
28/12/2025 17:00 ¹.,43,7.661,1047.5,190.9,99.6,91.2,0,62.7,0
28/12/2025 18:00 ¹.,44,8.035,1067.7,195.8,98,92.3,0,59.2,0
28/12/2025 19:00 ¹.,43,7.562,1044.5,185.4,91.5,91.8,0,63.7,0
28/12/2025 20:00 ¹.,43,7.797,1104.3,185.8,93.5,92,0,62.3,0
28/12/2025 21:00 ¹.,43,7.775,1072.2,187.9,96.3,91.7,0,61.9,0
28/12/2025 22:00 ¹.,43,8.12,1113.6,189.5,94,95.1,0,62.2,0
28/12/2025 23:00 ¹.,42,7.522,1071.2,186.2,94.1,90.5,0,63.6,0
28/12/2025 0:00 ¹.,40,7.159,1039.8,183.8,96.6,91.4,0,64,0
29/12/2025 1:00 ¹.,44,8.121,1095.6,181.6,94.1,95.6,0,64.1,0
29/12/2025 2:00 ¹.,42,7.608,1032.5,179.2,90.2,95.6,0,63.9,0
29/12/2025 3:00 ¹.,41,7.386,1009.6,177.9,88.4,92.7,0,64.8,0
29/12/2025 4:00 ¹.,41,7.29,1008.1,176.9,88.2,90.6,0,65,0
29/12/2025 5:00 ¹.,41,7.279,1062.4,179.3,92.1,90.5,0,65.8,0
29/12/2025 6:00 ¹.,37,6.478,994.3,180.6,94.6,90.5,0,65.2,0
29/12/2025 7:00 ¹.,42,7.614,1028.6,176.2,91.2,90.6,0,64.3,0
29/12/2025 8:00 ¹.,44,7.993,1044.7,176.4,90.7,90.6,0,64.7,0
29/12/2025 9:00 ¹.,43,8.041,1065.6,179.6,90.7,93,0,61.6,0
29/12/2025 10:00 ¹.,36,6.345,1010.8,178.9,89.5,90.6,0,62.7,0
29/12/2025 11:00 ¹.,44,8.031,1102.2,184.5,96.8,91.4,0,63.2,0
29/12/2025 12:00 ¹.,43,7.848,1077.7,182.9,91.3,91.6,0,63.2,0
29/12/2025 13:00 ¹.,44,7.789,1046.8,182.4,90.1,90.5,0,63.2,0
29/12/2025 14:00 ¹.,44,7.818,1088.1,186.1,94.8,90.6,0,63,0
29/12/2025 15:00 ¹.,44,7.974,1122.2,186.3,97.7,91.9,0,63.3,0
29/12/2025 16:00 ¹.,45,8.103,1073.4,180.2,93.9,89.8,0,64.8,0
29/12/2025 17:00 ¹.,43,7.889,1077.7,179.9,90.4,90.2,0,64.8,0
29/12/2025 18:00 ¹.,44,8.008,1070.2,179.6,90.9,90.5,0,63.3,0
29/12/2025 19:00 ¹.,44,8.136,1077,181.7,92.3,90.5,0,63.8,0
29/12/2025 20:00 ¹.,44,7.966,1075.8,180.9,90.4,90.6,0,63.2,0
29/12/2025 21:00 ¹.,44,7.886,1051.9,181.1,91.1,90.6,0,63.9,0
29/12/2025 22:00 ¹.,43,7.946,1083.5,182.6,91,92,0,63.3,0
29/12/2025 23:00 ¹.,44,7.953,1111.2,183.7,96.3,90.5,0,63.2,0
29/12/2025 0:00 ¹.,44,8.122,1110.6,178.9,93.1,90.7,0,63.6,0
30/12/2025 1:00 ¹.,44,8.156,1054.6,177.1,91.9,95.5,0,65.5,0
30/12/2025 2:00 ¹.,44,7.97,1055.9,177.5,92.2,93.8,0,65.4,0
30/12/2025 3:00 ¹.,43,7.689,1044.6,177.8,91.7,92.6,0,65.2,0
30/12/2025 4:00 ¹.,43,7.661,1075.3,180.8,93.2,94.3,0,65.2,0
30/12/2025 5:00 ¹.,40,6.924,1026.4,178.9,93.7,92.6,0,64.5,0
30/12/2025 6:00 ¹.,40,7.003,980.7,173.8,89.3,91.5,0,63.1,0
30/12/2025 7:00 ¹.,43,7.63,1024,174,88.1,91.5,0,63.1,0
30/12/2025 8:00 ¹.,40,7.035,999.9,174,87.3,90.6,0,61.7,0
30/12/2025 9:00 ¹.,40,7.146,1015,179.8,94,89.3,0,62,0
30/12/2025 10:00 ¹.,43,8.134,1119.5,185,96.8,90.6,0,62.3,0
30/12/2025 11:00 ¹.,43,8.155,1118.5,183.8,91.3,91.8,0,62.3,0
30/12/2025 12:00 ¹.,44,8.11,1111.8,186.3,92.1,92.3,0,62.3,0
30/12/2025 13:00 ¹.,44,8.092,1106.3,185.6,91.3,92.8,0,63.6,0
30/12/2025 14:00 ¹.,41,7.292,1050,185.1,92.5,90.5,0,64.2,0
30/12/2025 15:00 ¹.,44,8.013,1120.3,189.1,98.6,91.8,0,64.7,0
30/12/2025 16:00 ¹.,44,7.859,1093.4,181.7,93,90,0,64.3,0
30/12/2025 17:00 ¹.,42,7.723,1089.4,182.3,92,93.8,0,62.8,0
30/12/2025 18:00 ¹.,42,7.619,1047.5,180.2,88.2,93.4,0,62,0
30/12/2025 19:00 ¹.,44,8.155,1107.8,181.8,92.1,93.3,0,62.7,0
30/12/2025 20:00 ¹.,44,8.128,1097.3,182.6,90.8,94.5,0,61.6,0
30/12/2025 21:00 ¹.,44,8.151,1137.9,183,94.1,93.5,0,63.2,0
30/12/2025 22:00 ¹.,44,8.051,1095.6,183.1,90.9,95.1,0,63.2,0
30/12/2025 23:00 ¹.,43,7.874,1126,185.4,96.7,95.1,0,63.2,0
30/12/2025 0:00 ¹.,43,7.661,1068.7,180,92.7,95.1,0,62.8,0
31/12/2025 1:00 ¹.,44,7.88,1067.6,174,87,91.4,0,61.3,0
31/12/2025 2:00 ¹.,45,8.108,1081.3,174.8,87.6,91.5,0,62.1,0
31/12/2025 3:00 ¹.,42,7.282,1026.3,175.1,87.8,91,0,63.2,0
31/12/2025 4:00 ¹.,41,7.309,1031.1,177.7,89.5,90.3,0,64,0
31/12/2025 5:00 ¹.,43,7.653,1042.2,183.9,98.1,90.2,0,66.7,0
31/12/2025 6:00 ¹.,41,7.26,1074.4,183.9,96.8,90.2,0,66.1,0
31/12/2025 7:00 ¹.,41,7.247,1035.3,176.7,92.1,90.4,0,65.2,0
31/12/2025 8:00 ¹.,40,7.042,1006.8,173.9,88.9,90.1,0,62.2,0
31/12/2025 9:00 ¹.,44,7.82,1076.2,175.9,90.7,90,0,65.1,0
31/12/2025 10:00 ¹.,42,7.637,1089.3,182,95.5,90.4,0,64.3,0
31/12/2025 11:00 ¹.,42,7.711,1109.3,183.8,95.7,92.6,0,64.5,0
31/12/2025 12:00 ¹.,33,5.754,998.4,183.9,91,83.5,0,59.4,0
31/12/2025 13:00 ¹.,12,1.716,838.4,151.5,68.5,13.3,0,41.3,0
31/12/2025 14:00 ¹.,35,6.138,1007,173.5,85.6,85,0,57.4,0
31/12/2025 15:00 ¹.,34,5.935,964.6,188.1,97.8,90.4,0,63.2,0
31/12/2025 16:00 ¹.,40,7.297,1031,182.6,91.6,94.6,0,63.2,0
31/12/2025 17:00 ¹.,42,7.621,1058,180.5,88.1,91.7,0,62.8,0
31/12/2025 18:00 ¹.,42,7.568,1052.5,181.8,89.6,91.9,0,62.7,0
31/12/2025 19:00 ¹.,42,7.403,1022,181.5,90,93.8,0,62.1,0
31/12/2025 20:00 ¹.,44,8.117,1098.8,184,92.1,93.1,0,63.2,0
31/12/2025 21:00 ¹.,42,7.484,1044.4,181.6,89.7,91.9,0,63.7,0
31/12/2025 22:00 ¹.,41,7.24,1027.3,181.4,90.1,90.9,0,64.6,0
31/12/2025 23:00 ¹.,42,7.606,1050.1,183.8,90.8,93.6,0,63.8,0
31/12/2025 0:00 ¹.,42,7.636,1081.2,183.9,90.4,92.6,0,61.8,0
1/01/2026 1:00 ¹.,42,7.624,1060.3,184.6,90.1,93,0,61,0
1/01/2026 2:00 ¹.,41,7.243,1024.8,182,88.2,90.6,0,62.7,0
1/01/2026 3:00 ¹.,36,6.329,981.9,180.7,86.6,90.5,0,59.7,0
1/01/2026 4:00 ¹.,42,7.559,1061.8,183.8,89,92.2,0,61.3,0
1/01/2026 5:00 ¹.,42,7.373,1082.2,186,93.2,91.2,0,61,0
1/01/2026 6:00 ¹.,36,6.242,991.3,175.1,87.1,86.2,0,60.1,0
1/01/2026 7:00 ¹.,41,7.254,1025.6,171.6,85.5,85.7,0,60.7,0
1/01/2026 8:00 ¹.,43,7.846,1051.3,183.2,95.1,87.7,0,62.6,0
1/01/2026 9:00 ¹.,42,7.608,1036.9,179.2,88.6,92,0,64.1,0
1/01/2026 10:00 ¹.,40,7.128,1007.4,179.6,88.5,88.5,0,63.6,0
1/01/2026 11:00 ¹.,41,7.122,1012.6,182.2,87.4,93.4,0,61.4,0
1/01/2026 12:00 ¹.,42,7.349,1041.5,183.6,85.7,91,0,59.7,0
1/01/2026 13:00 ¹.,40,6.84,1001.7,182.8,83.8,91.4,0,59.3,0
1/01/2026 14:00 ¹.,41,7.059,1039.1,184.7,87.5,89.4,0,61.3,0
1/01/2026 15:00 ¹.,40,7.001,1064.2,185.7,88.9,89,0,62.1,0
1/01/2026 16:00 ¹.,41,7.22,1046.7,180.8,89.7,86,0,61.7,0
1/01/2026 17:00 ¹.,44,7.702,1058.5,183.2,87.2,88.2,0,60.2,0
1/01/2026 18:00 ¹.,42,7.31,1040.8,179.5,87.6,87.9,0,64.6,0
1/01/2026 19:00 ¹.,36,6.268,978.5,181.2,86.2,91.4,0,61.5,0
1/01/2026 20:00 ¹.,41,7.233,1018.9,181.3,89.3,86.3,0,64.9,0
1/01/2026 21:00 ¹.,42,7.314,1041.4,181.2,88.6,85.7,1,64.9,0
1/01/2026 22:00 ¹.,43,7.694,1060.7,182.5,90.9,85.7,1,66.8,0
1/01/2026 23:00 ¹.,40,6.78,1034.3,184,93.8,86.5,0,66.8,0
1/01/2026 0:00 ¹.,43,7.891,1068.4,184.7,95.9,92.4,0,65.5,0
2/01/2026 1:00 ¹.,42,7.282,1011.4,177.5,90.5,86.4,0,65.5,0
2/01/2026 2:00 ¹.,40,6.97,1007.5,176.7,90.4,85.7,0,66.2,0
2/01/2026 3:00 ¹.,42,7.529,1050.9,178.4,92,85.7,0,66.8,0
2/01/2026 4:00 ¹.,39,6.786,1003.3,178.6,91.2,85.7,0,66.2,0
2/01/2026 5:00 ¹.,38,6.631,1010.6,179.8,93,85.7,0,65.8,0
2/01/2026 6:00 ¹.,43,7.73,1088.2,183.4,96.4,87.4,1,65.8,0
2/01/2026 7:00 ¹.,43,7.972,1094.1,179.1,93.1,87.1,1,65.8,0
2/01/2026 8:00 ¹.,44,8.135,1095.6,182.7,95.1,86.1,0,65.8,0
2/01/2026 9:00 ¹.,44,8.147,1107.3,184.2,96.1,94.1,0,63.5,0
2/01/2026 10:00 ¹.,44,8.162,1110.3,183.8,91.6,96.3,0,63.3,0
2/01/2026 11:00 ¹.,44,8.15,1079.5,183.6,90.6,95.6,0,64.9,0
2/01/2026 12:00 ¹.,45,8.14,1096.4,187.1,95.3,95.6,0,65,0
2/01/2026 13:00 ¹.,44,8.166,1114.7,188.3,97.4,95.5,0,65,0
2/01/2026 14:00 ¹.,45,8.156,1088.6,181.8,92,94.2,0,64.9,0
2/01/2026 15:00 ¹.,43,7.761,1049.1,180.6,88.6,94.3,0,63.8,0
2/01/2026 16:00 ¹.,42,7.348,1025.4,181.9,88.4,95.4,0,62.9,0
2/01/2026 17:00 ¹.,44,8.17,1108.6,184.3,90.1,95,0,62.2,0
2/01/2026 18:00 ¹.,44,7.825,1076.4,182.5,88.4,93.9,0,61.9,0
2/01/2026 19:00 ¹.,45,7.974,1091,182.5,87.5,91.2,1,62.8,0
2/01/2026 20:00 ¹.,42,7.437,1057.4,182.6,87.2,90.5,1,63.2,0
2/01/2026 21:00 ¹.,41,7.239,1038.1,183.2,87.5,90.4,1,63.2,0
2/01/2026 22:00 ¹.,41,7.28,1043.4,183.9,88.4,88.5,0,63.2,0
2/01/2026 23:00 ¹.,43,7.62,1082.4,189.2,95.7,91.1,0,63.2,0
2/01/2026 0:00 ¹.,42,7.683,1101.8,186,94.3,93.2,0,63.2,0
3/01/2026 1:00 ¹.,43,7.728,1074.1,177.2,87.4,91.5,0,61.3,0
3/01/2026 2:00 ¹.,42,7.495,1054.2,177.1,86.6,90.6,0,61.3,0
3/01/2026 3:00 ¹.,44,7.824,1079.3,178.5,87,91.1,0,61.3,0
3/01/2026 4:00 ¹.,44,7.963,1095.1,182.3,92.9,91.1,0,65.4,0
3/01/2026 5:00 ¹.,41,7.299,1051.5,181.6,89.5,92.6,0,64.1,0
3/01/2026 6:00 ¹.,39,6.92,1045.5,180.8,90,89.9,1,61.5,0
3/01/2026 7:00 ¹.,42,7.547,1072.4,176.8,90.9,88.6,1,63.4,0
3/01/2026 8:00 ¹.,43,7.991,1105,178.4,88.8,91.8,0,62.5,0
3/01/2026 9:00 ¹.,45,8.091,1108.3,178.4,86.5,94.3,0,60.3,0
3/01/2026 10:00 ¹.,44,8.14,1119.5,181.9,88.7,95.7,0,60.6,0
3/01/2026 11:00 ¹.,44,7.982,1133.2,183.4,91.4,93.8,0,60.2,0
3/01/2026 12:00 ¹.,44,7.72,1073.1,180.6,89.5,91.7,1,62.7,0
3/01/2026 13:00 ¹.,45,8.068,1093.8,181,89.1,92.8,1,60.6,0
3/01/2026 14:00 ¹.,44,7.772,1080.7,180,85.8,91.8,1,61.3,0
3/01/2026 15:00 ¹.,44,8.013,1079.6,181.3,86.2,94.4,0,59.6,0
3/01/2026 16:00 ¹.,42,7.374,1052.9,179.4,83.8,87.9,0,61.3,0
3/01/2026 17:00 ¹.,41,7.335,1044.2,181.6,86.6,92.7,1,62.5,0
3/01/2026 18:00 ¹.,40,7.241,1061.5,184.1,88.1,92.8,0,62.3,0
3/01/2026 19:00 ¹.,44,8.049,1109.7,185.2,88.7,93.9,0,61.3,0
3/01/2026 20:00 ¹.,44,7.99,1105.4,187.2,89.9,94.7,0,61.3,0
3/01/2026 21:00 ¹.,43,7.596,1092.6,186.8,88.1,92.2,0,61.3,0
3/01/2026 22:00 ¹.,39,6.763,1060.1,184.8,88.2,91.5,0,61.3,0
3/01/2026 23:00 ¹.,37,6.589,1098,186.9,90.4,90.8,0,62.5,0
3/01/2026 0:00 ¹.,37,6.512,1055.8,182.3,90.4,90.6,0,63.2,0
4/01/2026 1:00 ¹.,40,7.069,1060.1,176.9,86.4,90.6,0,61.6,0
4/01/2026 2:00 ¹.,39,7.051,1067.7,178.8,88.2,90.6,0,62.2,0
4/01/2026 3:00 ¹.,39,6.815,1054,177,86.5,90.6,0,63.2,0
4/01/2026 4:00 ¹.,37,6.52,1014.8,176.9,86,90.6,0,63.2,0
4/01/2026 5:00 ¹.,34,5.763,989.3,175.7,84.4,89.4,0,61.9,0
4/01/2026 6:00 ¹.,31,5.542,991.8,176.8,86.6,87.3,1,60.9,0
4/01/2026 7:00 ¹.,36,6.373,1015.6,172.6,85,87.8,1,60.6,0
4/01/2026 8:00 ¹.,39,6.949,1070.7,175.8,85.8,90.9,0,61.1,0
4/01/2026 9:00 ¹.,38,6.657,1061.3,180.2,86.6,92,0,58,0
4/01/2026 10:00 ¹.,31,5.242,942.1,183.1,92.4,85.7,0,59.2,0
4/01/2026 11:00 ¹.,31,5.184,923,184.7,90.1,85.7,0,54.4,0
4/01/2026 12:00 ¹.,29,4.987,886.8,183.3,86.7,86.9,1,54.4,0
4/01/2026 13:00 ¹.,30,4.915,903.7,177.9,82.4,85.7,1,56.3,0
4/01/2026 14:00 ¹.,26,4.191,865.5,178.2,82.8,85.7,1,56.3,0
4/01/2026 15:00 ¹.,25,4.056,846.4,177.5,84.2,80.6,0,57.3,0
4/01/2026 16:00 ¹.,30,4.978,894.4,181,85.1,83.1,0,53.9,0
4/01/2026 17:00 ¹.,40,7.196,1102,183.2,83.7,90.5,0,58.2,0
4/01/2026 18:00 ¹.,41,7.033,1116.2,183.5,84,90.5,0,58.2,0
4/01/2026 19:00 ¹.,39,6.816,1090.4,185.5,86.4,89.4,0,60.6,0
4/01/2026 20:00 ¹.,39,6.701,1097.8,184.7,87.7,88.3,0,62.5,0
4/01/2026 21:00 ¹.,37,6.382,1052.7,183.9,87.7,88.2,0,62.3,0
4/01/2026 22:00 ¹.,37,6.349,1025.2,182.8,84.5,88.4,0,60.6,0
4/01/2026 23:00 ¹.,36,6.261,1064.1,184.1,86.8,90.5,0,61.3,0
4/01/2026 0:00 ¹.,37,6.345,1058.2,182.7,90.4,90.5,0,62.9,0
5/01/2026 1:00 ¹.,40,7.123,1097.9,177,89.1,90.6,0,64.9,0
5/01/2026 2:00 ¹.,39,6.783,1049,178.1,91.6,90.6,0,64.9,0
5/01/2026 3:00 ¹.,38,6.742,1030.3,179.2,90.2,90.5,0,64.9,0
5/01/2026 4:00 ¹.,40,7.003,1063.2,179.6,89.5,90.4,0,64.9,0
5/01/2026 5:00 ¹.,39,6.845,1088.9,180.8,90.6,90.3,0,64.9,0
5/01/2026 6:00 ¹.,38,6.704,1078.8,180,91.4,90.3,1,64.9,0
5/01/2026 7:00 ¹.,40,7.155,1063.6,175.3,87.7,90.5,1,64.9,0
5/01/2026 8:00 ¹.,39,6.884,1042.8,175.6,88.3,90.7,0,64.9,0
5/01/2026 9:00 ¹.,39,6.83,1021.4,177.9,88,91.2,0,63.5,0
5/01/2026 10:00 ¹.,37,6.636,997.8,180.5,88.1,90.5,0,63.1,0
5/01/2026 11:00 ¹.,38,6.557,1006.6,179.9,87.2,90.5,0,63.1,0
5/01/2026 12:00 ¹.,40,6.985,1035.6,181.3,88.1,90.5,1,63.6,0
5/01/2026 13:00 ¹.,42,7.314,1055.5,183.5,88.7,91.6,1,63.8,0
5/01/2026 14:00 ¹.,42,7.478,1065.8,186.9,91.2,91.5,0,64,0
5/01/2026 15:00 ¹.,43,7.697,1115.2,188.2,92.9,92.3,0,64.1,0
5/01/2026 16:00 ¹.,45,7.94,1080.8,188.6,93.7,93.4,0,63.7,0
5/01/2026 17:00 ¹.,43,7.741,1095.1,187.2,92.7,92.5,0,62.2,0
5/01/2026 18:00 ¹.,40,6.944,1072.4,190.7,96.2,92.6,0,61.6,0
5/01/2026 19:00 ¹.,33,5.854,1020,190.2,95.8,90.3,0,58.5,0
5/01/2026 20:00 ¹.,35,6.168,1039.2,189.7,89.9,90.5,0,55,0
5/01/2026 21:00 ¹.,42,7.469,1081.9,188.2,90.7,92.2,1,57.2,0
5/01/2026 22:00 ¹.,43,7.811,1116.8,190.5,92.1,92.4,1,57.6,0
5/01/2026 23:00 ¹.,42,7.5,1111.8,190.4,96.4,91.8,1,59,0
5/01/2026 0:00 ¹.,34,5.868,978.3,181.2,90.5,86.3,0,61.6,0
6/01/2026 1:00 ¹.,32,5.572,930.9,179.8,93.1,86.6,0,60.1,0
6/01/2026 2:00 ¹.,39,7.034,1021.1,180.7,87.7,95,0,59.4,0
6/01/2026 3:00 ¹.,41,7.39,1049.2,182,88,95.4,0,59.3,0
6/01/2026 4:00 ¹.,41,7.386,1047.2,183.5,87.2,95.4,0,59.2,0
6/01/2026 5:00 ¹.,40,7.088,1052.6,183.7,88.3,92.3,0,60.6,0
6/01/2026 6:00 ¹.,38,6.7,1037.7,183.9,91.9,90.3,1,62.3,0
6/01/2026 7:00 ¹.,42,7.624,1065.1,178.8,89.2,91.5,1,61.3,0
6/01/2026 8:00 ¹.,40,7.111,1042.1,179.6,89,91.5,0,59.3,0
6/01/2026 9:00 ¹.,33,5.579,932.6,185.3,96.3,90.4,0,59.1,0
6/01/2026 10:00 ¹.,35,5.923,951.7,181.5,86.8,88.3,0,58.3,0
6/01/2026 11:00 ¹.,44,7.956,1116.4,182.6,87.6,93.4,0,58.9,0
6/01/2026 12:00 ¹.,43,7.387,1080.9,184.1,87.5,92.7,1,61.9,0
6/01/2026 13:00 ¹.,45,7.933,1122.3,186.9,93.1,93.5,1,64.7,0
6/01/2026 14:00 ¹.,42,7.318,1109.4,188.4,94.5,92.8,1,64.9,0
6/01/2026 15:00 ¹.,41,7.301,1058.4,183.1,93.2,91.6,0,64.9,0
6/01/2026 16:00 ¹.,44,7.993,1104.5,183.8,93.5,93,0,65,0
6/01/2026 17:00 ¹.,44,8.12,1124.5,184.7,92.8,93.5,0,65,0
6/01/2026 18:00 ¹.,43,7.785,1095.9,184.8,92.3,93.6,0,65,0
6/01/2026 19:00 ¹.,44,8.07,1138.5,186.7,94,93.6,0,65,0
6/01/2026 20:00 ¹.,44,8.091,1164,187.3,94,93.6,1,65,0
6/01/2026 21:00 ¹.,44,8.13,1159.1,187.6,94.8,93.5,1,65,0
6/01/2026 22:00 ¹.,44,7.825,1128.2,186.9,93.2,93.6,1,64.9,0
6/01/2026 23:00 ¹.,39,6.857,1077.5,187.5,95.3,93.5,0,64.9,0
6/01/2026 0:00 ¹.,39,6.931,1024.9,188.4,100.5,93.2,0,62.2,0
7/01/2026 1:00 ¹.,31,5.152,913.4,187.8,99.8,90.1,0,55.7,0
7/01/2026 2:00 ¹.,27,4.386,845.2,187.5,99.9,85.6,0,55.3,0
7/01/2026 3:00 ¹.,24,3.876,816.5,186.4,99.7,85.4,0,53.8,0
7/01/2026 4:00 ¹.,25,3.9,815.4,187.2,94.8,85.5,0,49.1,0
7/01/2026 5:00 ¹.,28,4.743,909.5,177.5,83,85.6,1,50.4,0
7/01/2026 6:00 ¹.,33,5.817,965.5,175.8,86.6,85.5,1,58.7,0
7/01/2026 7:00 ¹.,35,6.133,972.7,171,82.4,85.7,1,57.6,0
7/01/2026 8:00 ¹.,30,5.241,923.5,180.4,93.1,85.6,0,49.2,0
7/01/2026 9:00 ¹.,27,4.503,855.8,186.9,99.5,83.3,0,53.9,0
7/01/2026 10:00 ¹.,34,5.974,991.3,183.1,89.4,84.9,0,53.5,0
7/01/2026 11:00 ¹.,39,6.728,1009.4,178.5,89.6,85.5,0,62.9,0
7/01/2026 12:00 ¹.,41,7.1,1048.7,181.4,90.7,87.8,1,64,0
7/01/2026 13:00 ¹.,41,7.158,1036.5,190.6,96.8,90.1,1,62.6,0
7/01/2026 14:00 ¹.,41,7.387,1090.6,190.7,94.9,92.7,0,61.3,0
7/01/2026 15:00 ¹.,42,7.449,1057.3,182.4,88.2,92.9,0,60.1,0
7/01/2026 16:00 ¹.,40,6.996,1032.2,181.1,89.5,89,0,60.9,0
7/01/2026 17:00 ¹.,41,7.308,1042.7,183.9,88.6,92.5,0,61.3,0
7/01/2026 18:00 ¹.,39,6.869,1013.4,184.2,88.8,92.9,0,60.7,0
7/01/2026 19:00 ¹.,39,6.874,1022.8,183.9,87.4,93.5,0,59.2,0
7/01/2026 20:00 ¹.,42,7.5,1063.1,185,88.2,93.5,1,59.2,0
7/01/2026 21:00 ¹.,42,7.539,1080.6,186.4,91.5,91.6,1,63.5,0
7/01/2026 22:00 ¹.,44,8.045,1146.7,190.8,94.6,95.2,1,64.1,0
7/01/2026 23:00 ¹.,41,7.32,1101.9,189.9,94.1,94.3,0,63.4,0
7/01/2026 0:00 ¹.,42,7.572,1118.7,186,93.4,95.3,0,62.7,0
8/01/2026 1:00 ¹.,41,7.374,1070.8,179.2,88.4,91.2,0,62.6,0
8/01/2026 2:00 ¹.,41,7.185,1035.3,180.2,90.4,90.9,0,63.1,0
8/01/2026 3:00 ¹.,42,7.357,1051.6,180.6,87.9,92,0,62.3,0
8/01/2026 4:00 ¹.,43,7.601,1082.4,183.3,90.6,93.4,0,62.1,0
8/01/2026 5:00 ¹.,35,5.965,991.3,180.3,87.9,88.6,0,60.7,0
8/01/2026 6:00 ¹.,39,7.122,1054.1,175.1,88.1,87.1,1,60.8,0
8/01/2026 7:00 ¹.,39,6.85,1015.6,173.3,84.6,86.7,1,61.2,0
8/01/2026 8:00 ¹.,40,7.042,1031.9,175.7,84.9,88.7,0,59.4,0
8/01/2026 9:00 ¹.,40,6.842,1022.2,176.3,83.2,91.7,0,58.5,0
8/01/2026 10:00 ¹.,44,7.725,1106.4,181.9,89.1,93.4,0,59.6,0
8/01/2026 11:00 ¹.,40,7.056,1035.8,183.1,89.2,93.6,1,61.3,0
8/01/2026 12:00 ¹.,42,7.502,1088.8,184.3,88.3,91.5,1,62.5,0
8/01/2026 13:00 ¹.,42,7.416,1071.9,184.8,88.7,91,1,64.1,0
8/01/2026 14:00 ¹.,39,6.859,1049.9,185.9,90.3,90.3,0,63.8,0
8/01/2026 15:00 ¹.,42,7.556,1114.7,188.7,93.9,90.3,0,63.1,0
8/01/2026 16:00 ¹.,41,7.269,1060.9,181.2,88.5,90.5,0,62.2,0
8/01/2026 17:00 ¹.,40,7.194,1056.2,179.2,86.5,91.8,0,60,0
8/01/2026 18:00 ¹.,29,4.987,909.4,178.1,87.4,90.2,0,59.1,0
8/01/2026 19:00 ¹.,13,1.914,791.7,158,75.6,26.7,0,54.2,0
8/01/2026 20:00 ¹.,32,5.493,914,178,86.8,86,0,57.3,0
8/01/2026 21:00 ¹.,37,6.372,956.6,181.3,90.2,89,1,64.4,0
8/01/2026 22:00 ¹.,36,6.157,960.8,182.1,90.3,86.2,1,64.3,0
8/01/2026 23:00 ¹.,40,6.935,1041.2,188.3,96.3,90.5,1,66.8,0
8/01/2026 0:00 ¹.,41,7.228,1070.7,186.1,96.7,88.1,0,67.6,0
9/01/2026 1:00 ¹.,42,7.464,1021.9,180.4,92.8,90.9,0,66.7,0
9/01/2026 2:00 ¹.,39,6.685,997.9,180.5,91.4,90.6,0,63.9,0
9/01/2026 3:00 ¹.,42,7.299,1036.1,182.3,90.8,91.6,0,63.3,0
9/01/2026 4:00 ¹.,44,7.977,1085.8,185.6,93,94,0,64.1,0
9/01/2026 5:00 ¹.,43,7.635,1076.4,187,93.4,92.4,0,64.1,0
9/01/2026 6:00 ¹.,39,7.05,1071.2,185.9,90.5,90.9,1,62.4,0
9/01/2026 7:00 ¹.,43,7.735,1104.9,184.5,87.7,90.6,1,58.9,0
9/01/2026 8:00 ¹.,41,7.168,1043.2,187.6,93.4,91.2,0,64.9,0
9/01/2026 9:00 ¹.,44,7.797,1072.2,192.5,94.7,95.5,0,63.7,0
9/01/2026 10:00 ¹.,42,7.335,1052.3,190.8,92.8,95.6,0,63.6,0
9/01/2026 11:00 ¹.,44,8.06,1144.3,194.5,97.1,95.5,0,64.2,0
9/01/2026 12:00 ¹.,44,8.109,1129.8,196.9,95.3,95.5,0,61.5,0
9/01/2026 13:00 ¹.,44,7.956,1124.3,194.5,91.6,95.5,0,60.3,0
9/01/2026 14:00 ¹.,44,7.932,1161.3,196.9,94.4,95.4,0,58.3,0
9/01/2026 15:00 ¹.,42,7.447,1107.5,193.2,95.3,95.2,0,60.5,0
9/01/2026 16:00 ¹.,42,7.546,1086.5,185.2,90.8,90.6,0,61.4,0
9/01/2026 17:00 ¹.,44,7.61,1074.5,185.7,89.2,94,0,61.1,0
9/01/2026 18:00 ¹.,43,7.458,1088.2,185.1,86.8,94.5,0,59.2,0
9/01/2026 19:00 ¹.,44,7.765,1105.4,189.2,90.2,95.5,0,60.8,0
9/01/2026 20:00 ¹.,43,7.713,1115.3,188.9,90.6,91.8,0,63.1,0
9/01/2026 21:00 ¹.,42,7.375,1111.4,191.6,96.1,90.4,1,64.9,0
9/01/2026 22:00 ¹.,43,7.637,1112.2,188.5,96.4,92.1,1,63.8,0
9/01/2026 23:00 ¹.,42,7.289,1056.6,182.8,89.5,92.7,0,61.9,0
9/01/2026 0:00 ¹.,45,8.124,1108.4,185.5,92.9,92.7,0,62.5,0
10/01/2026 1:00 ¹.,41,7.304,1041.8,187.7,92.3,95.2,0,61.4,0
10/01/2026 2:00 ¹.,42,7.407,1060.2,186.4,93.4,91.8,0,66.1,0
10/01/2026 3:00 ¹.,42,7.254,1042.5,187,93.2,92.5,1,65.4,0
10/01/2026 4:00 ¹.,44,7.79,1087.2,190.2,94.4,93.6,1,64.6,0
10/01/2026 5:00 ¹.,42,7.471,1084.8,191,95.1,92.7,1,64.1,0
10/01/2026 6:00 ¹.,43,7.739,1109.6,191.2,93.4,92.1,1,64.1,0
10/01/2026 7:00 ¹.,43,7.959,1125.5,193.9,96.3,93.4,1,63,0
10/01/2026 8:00 ¹.,43,7.556,1106.3,194,95.5,90.7,0,64.4,0
10/01/2026 9:00 ¹.,42,7.551,1098.7,193.7,95.2,92.9,0,61.5,0
10/01/2026 10:00 ¹.,44,7.818,1094,196.8,94.5,92.4,0,61.3,0
10/01/2026 11:00 ¹.,43,7.721,1159.8,199.3,97.5,94.1,0,60.1,0
10/01/2026 12:00 ¹.,39,6.671,1052.7,194.6,92.8,91.7,0,59.1,0
10/01/2026 13:00 ¹.,39,6.875,1019.5,184.8,92.2,89.3,0,63.9,0
10/01/2026 14:00 ¹.,40,6.99,1052.2,185,91.4,88.1,0,62.1,0
10/01/2026 15:00 ¹.,43,7.69,1099.6,189.3,90.4,92.4,0,61.3,0
10/01/2026 16:00 ¹.,44,7.936,1136.2,192.3,91.7,95,0,58.8,0
10/01/2026 17:00 ¹.,41,7.154,1090.6,189.6,87.2,92.3,0,58.1,0
10/01/2026 18:00 ¹.,41,7.354,1082.3,189.8,90.1,91.3,1,61.3,0
10/01/2026 19:00 ¹.,38,6.722,1038.1,191,88.4,94.4,1,59.7,0
10/01/2026 20:00 ¹.,40,7.118,1069.1,193.4,93.2,90.3,1,63.1,0
10/01/2026 21:00 ¹.,40,7.218,1071.2,193.5,93.8,90.5,0,65,0
10/01/2026 22:00 ¹.,39,6.781,1011.9,193.2,94,92.9,0,65.1,0
10/01/2026 23:00 ¹.,39,6.853,1085.5,194.4,95.3,92.9,0,63.3,0
10/01/2026 0:00 ¹.,44,7.97,1108,191.5,96.8,95.4,0,63.2,0
11/01/2026 1:00 ¹.,39,6.753,1030,185.5,90.6,93.1,0,63.2,0
11/01/2026 2:00 ¹.,39,7.057,1060.6,186.1,92,92.4,0,61.7,0
11/01/2026 3:00 ¹.,44,7.876,1126.6,188.4,91.7,92.9,0,63.2,0
11/01/2026 4:00 ¹.,43,7.681,1105.3,189.6,92.3,93.8,0,63.2,0
11/01/2026 5:00 ¹.,45,8.019,1157,194.1,98,94.4,0,61.3,0
11/01/2026 6:00 ¹.,39,6.909,1082.9,189.8,95.1,91.9,1,61.6,0
11/01/2026 7:00 ¹.,39,6.841,1018.8,183.8,93.7,89.1,1,64.7,0
11/01/2026 8:00 ¹.,42,7.515,1079.3,183.8,90.3,90.4,0,65.5,0
11/01/2026 9:00 ¹.,37,6.338,980.3,182.5,91.1,85.7,0,65.5,0
11/01/2026 10:00 ¹.,41,7.106,1040.8,189,94.4,88.9,0,62,0
11/01/2026 11:00 ¹.,45,7.999,1138.2,192.7,94.9,93.4,0,63.4,0
11/01/2026 12:00 ¹.,44,8.099,1165,197.6,97.6,96.6,1,63.2,0
11/01/2026 13:00 ¹.,40,7.025,1112.2,191.7,93.5,86.1,1,63.2,0
11/01/2026 14:00 ¹.,43,7.774,1111.4,188.5,94.6,91.2,0,63.2,0
11/01/2026 15:00 ¹.,44,7.877,1107.9,190.3,93.5,92.4,0,63.2,0
11/01/2026 16:00 ¹.,43,7.702,1120.2,191.6,92,92.2,0,60.2,0
11/01/2026 17:00 ¹.,38,6.753,1037.4,188.3,89.2,90.4,0,62.5,0
11/01/2026 18:00 ¹.,40,7.033,1069.4,188.6,90.8,91,0,63.2,0
11/01/2026 19:00 ¹.,39,6.807,1055.3,190.9,91.2,92.4,1,63,0
11/01/2026 20:00 ¹.,37,6.432,1003.6,189.9,92.5,90.3,1,64.6,0
11/01/2026 21:00 ¹.,40,7.096,1054.9,192.7,93.9,90.3,1,65.2,0
11/01/2026 22:00 ¹.,38,6.638,1027.9,193.3,94.1,90.3,0,63.6,0
11/01/2026 23:00 ¹.,37,6.304,993.2,192.1,92.9,90.6,0,63.7,0
11/01/2026 0:00 ¹.,37,6.446,1021.9,192.3,91.5,90.3,0,62.7,0
12/01/2026 1:00 ¹.,37,6.569,1031.6,195.1,94,90.3,0,63.2,0
12/01/2026 2:00 ¹.,36,6.037,997.5,194,93.3,90.3,0,63.2,0
12/01/2026 3:00 ¹.,40,7.009,1063.6,196,92.5,90.3,0,63.2,0
12/01/2026 4:00 ¹.,40,6.846,1053.3,196.3,92.9,90.3,0,63.2,0
12/01/2026 5:00 ¹.,37,6.438,1073.9,197.3,92.7,88.9,0,62.4,0
12/01/2026 6:00 ¹.,36,6.23,1051.2,194.6,95.4,88.5,0,64,0
12/01/2026 7:00 ¹.,40,7.078,1054.1,187.4,92.2,88.7,0,64,0
12/01/2026 8:00 ¹.,43,7.715,1098.8,189.8,93.4,91.4,0,64.1,0
12/01/2026 9:00 ¹.,42,7.401,1083.9,192.5,94.1,95.3,0,64.1,0
12/01/2026 10:00 ¹.,39,6.779,1043.6,192.3,91.9,91.2,0,62.9,0
12/01/2026 11:00 ¹.,36,6.147,993.4,189.9,87.5,90.5,0,59.2,0
12/01/2026 12:00 ¹.,39,6.858,1065.6,192.7,89.7,91.8,1,60.8,0
12/01/2026 13:00 ¹.,38,6.729,1059.3,196.5,94.3,95.2,1,64.1,0
12/01/2026 14:00 ¹.,42,7.393,1076.3,196.1,94.2,94.5,1,65,0
12/01/2026 15:00 ¹.,41,7.076,1070.8,196.8,94.4,93.6,0,64.5,0
12/01/2026 16:00 ¹.,37,6.256,1001.7,194.8,93,90.2,0,64.6,0
12/01/2026 17:00 ¹.,37,6.303,1017.2,195.4,89.9,90.3,0,58.5,0
12/01/2026 18:00 ¹.,38,6.598,1025.3,195.9,90.3,90.3,0,59.2,0
12/01/2026 19:00 ¹.,38,6.514,1034.8,194.1,89,89.4,1,60.2,0
12/01/2026 20:00 ¹.,39,6.774,1053.6,195.9,91.9,88.4,1,63.2,0
12/01/2026 21:00 ¹.,38,6.555,1033.1,195.4,89.8,87.9,1,64,0
12/01/2026 22:00 ¹.,39,6.885,1064.6,197,92.2,86.7,0,64.8,0
12/01/2026 23:00 ¹.,29,4.863,955.2,196.3,97.5,84.2,0,64.9,0
12/01/2026 0:00 ¹.,39,6.974,1090.3,193.3,96.6,86.2,0,64.9,0
13/01/2026 1:00 ¹.,44,7.902,1101.5,194.4,96.1,95.3,0,65,0
13/01/2026 2:00 ¹.,42,7.598,1083.7,195.1,95.6,95.2,0,65,0
13/01/2026 3:00 ¹.,43,7.825,1123.6,196.9,95.3,95.3,0,64.2,0
13/01/2026 4:00 ¹.,41,7.46,1094.1,195.1,92.6,95.2,0,63.2,0
13/01/2026 5:00 ¹.,41,7.287,1106.8,197.8,96.1,95.3,0,63.3,0
13/01/2026 6:00 ¹.,40,7.02,1103.3,196.8,97,95.2,1,64.1,0
13/01/2026 7:00 ¹.,40,7.207,1068.6,190.1,93.2,91.4,1,64.9,0
13/01/2026 8:00 ¹.,40,7.071,1055.1,190.7,93.8,90.3,0,64.1,0
13/01/2026 9:00 ¹.,41,7.073,1060.3,191.4,91.9,93,0,63.3,0
13/01/2026 10:00 ¹.,40,6.973,1043.3,193.5,93.8,92.3,0,64.4,0
13/01/2026 11:00 ¹.,41,7.272,1066.1,196.9,95,93.4,0,64.9,0
13/01/2026 12:00 ¹.,38,6.505,1043.1,198,96.4,90.1,1,64.1,0
13/01/2026 13:00 ¹.,37,6.557,1064.4,195.2,95.2,90.3,1,64.1,0
13/01/2026 14:00 ¹.,39,6.871,1047.6,191.7,93.6,90.8,0,64.1,0
13/01/2026 15:00 ¹.,43,7.65,1083.1,198.1,98,92.5,0,65.2,0
13/01/2026 16:00 ¹.,42,7.448,1085.5,199.6,98.9,95,0,66,0
13/01/2026 17:00 ¹.,42,7.484,1113.3,199,98.2,92,0,66,0
13/01/2026 18:00 ¹.,37,6.33,1029.2,194.1,92.3,87.1,0,64.1,0
13/01/2026 19:00 ¹.,40,7.073,1085.5,193.9,91.4,85.5,1,63.5,0
13/01/2026 20:00 ¹.,39,6.955,1097.2,194.1,92,86.1,1,62.7,0
13/01/2026 21:00 ¹.,43,7.702,1130.7,198.9,97.7,91.8,1,63,0
13/01/2026 22:00 ¹.,44,7.97,1157.6,202.7,98.9,94.2,0,64,0
13/01/2026 23:00 ¹.,38,6.519,1071.1,199.9,96.9,90.2,0,64.1,0
13/01/2026 0:00 ¹.,36,6.343,1040.4,193.5,96.2,90.3,0,64.1,0
14/01/2026 1:00 ¹.,42,7.328,1080.8,190.8,95.1,95.1,0,62.1,0
14/01/2026 2:00 ¹.,41,7.25,1086.2,192.1,92.5,95.2,0,59.3,0
14/01/2026 3:00 ¹.,40,7.065,1065.1,193.4,93,95.2,0,61.2,0
14/01/2026 4:00 ¹.,41,7.383,1101.8,194.9,94.9,91.6,0,62,0
14/01/2026 5:00 ¹.,40,6.988,1110.8,195.5,96.7,90.2,0,63.1,0
14/01/2026 6:00 ¹.,38,6.801,1096.7,195.9,98.9,90.9,1,63.1,0
14/01/2026 7:00 ¹.,40,7.061,1058.7,190.5,96.5,91.4,1,62.1,0
14/01/2026 8:00 ¹.,40,7.206,1086.5,190,94.9,90.3,0,62,0
14/01/2026 9:00 ¹.,42,7.45,1074.8,194.1,97.6,95.1,0,62.8,0
14/01/2026 10:00 ¹.,42,7.306,1085.2,197.2,97.3,93,0,64.7,0
14/01/2026 11:00 ¹.,42,7.446,1084.2,198.5,94.9,92.7,0,65,0
14/01/2026 12:00 ¹.,40,7.172,1076.4,200.2,98.7,91.2,1,65,0
14/01/2026 13:00 ¹.,42,7.468,1113.4,201.4,97.3,91,1,65,0
14/01/2026 14:00 ¹.,39,6.987,1097.8,202,99.6,93.7,0,65,0
14/01/2026 15:00 ¹.,40,7.205,1080.6,196.1,97.6,92.3,0,63.3,0
14/01/2026 16:00 ¹.,40,7.061,1063.1,192.9,93.2,91.5,0,63.4,0
14/01/2026 17:00 ¹.,41,7.309,1087.7,195.8,95,90.4,0,64.8,0
14/01/2026 18:00 ¹.,40,7.008,1077.4,194.5,91.7,90.2,0,63.2,0
14/01/2026 19:00 ¹.,40,7.137,1091.6,194.9,91.4,90.2,0,64.1,0
14/01/2026 20:00 ¹.,38,6.627,1050,195.2,92.6,90.2,1,64.1,0
14/01/2026 21:00 ¹.,40,7.168,1087.6,196.2,92.6,90.2,1,64.1,0
14/01/2026 22:00 ¹.,40,7.045,1080.1,196.9,92.1,90.3,1,64.1,0
14/01/2026 23:00 ¹.,39,6.875,1100.1,198.8,95.4,90.2,0,64.6,0
14/01/2026 0:00 ¹.,37,6.468,1034.3,196.1,94.9,90.3,0,65,0
15/01/2026 1:00 ¹.,37,6.321,1004.5,192.4,92.6,90.1,0,65,0
15/01/2026 2:00 ¹.,39,6.948,1056.7,194.1,93,90.1,0,65,0
15/01/2026 3:00 ¹.,38,6.698,1035.6,194.6,91.9,90.1,0,65,0
15/01/2026 4:00 ¹.,37,6.492,1018.8,195.5,93.6,90.1,0,65,0
15/01/2026 5:00 ¹.,37,6.384,1054.5,197.5,95.4,90.4,0,65.3,0
15/01/2026 6:00 ¹.,40,7.111,1099.7,197.7,98.4,92.1,1,65.9,0
15/01/2026 7:00 ¹.,41,7.049,1057.3,188.8,93.6,90.9,1,65.9,0
15/01/2026 8:00 ¹.,41,7.306,1080.6,189.6,93.8,90.2,0,66.5,0
15/01/2026 9:00 ¹.,40,7.127,1068.3,191.7,94.6,91.6,0,64.6,0
15/01/2026 10:00 ¹.,38,6.534,1021.8,193.8,93.4,91.1,0,63.3,0
15/01/2026 11:00 ¹.,42,7.195,1076.4,196.7,94.1,93.5,0,64.9,0
15/01/2026 12:00 ¹.,41,7.05,1054.2,199,95.8,92.4,1,64.9,0
15/01/2026 13:00 ¹.,41,7.349,1123.6,201.4,96.6,92.8,1,64.2,0
15/01/2026 14:00 ¹.,41,7.174,1108.9,200.7,97.6,93.2,0,64.6,0
15/01/2026 15:00 ¹.,43,7.701,1122.9,195.9,97.2,94.5,0,66,0
15/01/2026 16:00 ¹.,42,7.422,1096.5,195.4,92.4,93,0,66,0
15/01/2026 17:00 ¹.,39,6.706,1045.4,193.5,90.6,90.3,0,63.9,0
15/01/2026 18:00 ¹.,39,6.984,1067.3,192.7,89.3,90.3,0,63.2,0
15/01/2026 19:00 ¹.,40,7.141,1073.2,194.7,90.8,92.5,0,63.2,0
15/01/2026 20:00 ¹.,39,6.799,1057.6,195.1,91.5,92.4,1,63.2,0
15/01/2026 21:00 ¹.,39,7.063,1065.8,196.5,92.2,92.4,1,63.3,0
15/01/2026 22:00 ¹.,40,7.1,1081.3,195.7,91.3,92.4,1,63.3,0
15/01/2026 23:00 ¹.,38,6.751,1091.6,198.3,96,92.4,0,63.5,0
15/01/2026 0:00 ¹.,37,6.492,1017.9,203.3,100.8,92.4,0,59.3,0
16/01/2026 1:00 ¹.,37,6.253,1007.8,202.9,100,89,0,58.2,0
16/01/2026 2:00 ¹.,39,6.802,1059.2,196.4,91.6,89.1,0,60.8,0
16/01/2026 3:00 ¹.,41,7.1,1072,197.3,92.4,92.2,0,64.5,0
16/01/2026 4:00 ¹.,40,7.009,1078.2,197.5,94.4,91.2,0,64.5,0
16/01/2026 5:00 ¹.,39,6.828,1085.4,199.4,98.2,89.6,0,65,0
16/01/2026 6:00 ¹.,38,6.642,1058.1,191.4,96.3,88.2,1,65,0
16/01/2026 7:00 ¹.,41,7.175,1076.6,187.3,91.1,87.7,1,65,0
16/01/2026 8:00 ¹.,40,6.968,1059.6,189.1,92.8,88.6,0,65.6,0
16/01/2026 9:00 ¹.,31,5.24,953.5,193.4,95.9,90.1,0,60.3,0
16/01/2026 10:00 ¹.,36,6.394,1029.3,197,93.1,90.1,0,60.8,0
16/01/2026 11:00 ¹.,44,8.003,1158.4,197.1,94.4,91.9,1,63.4,0
16/01/2026 12:00 ¹.,41,7.236,1101.3,198.2,95.6,92.4,1,63.3,0
16/01/2026 13:00 ¹.,44,7.954,1172,201.6,97.3,93.7,1,63.3,0
16/01/2026 14:00 ¹.,44,7.935,1188,202.9,99.5,95.2,0,62.5,0
16/01/2026 15:00 ¹.,42,7.524,1128.8,197.1,94.8,95.2,0,61.2,0
16/01/2026 16:00 ¹.,39,6.963,1074.7,198,96.3,95.2,0,59,0
16/01/2026 17:00 ¹.,43,7.697,1145.6,197.9,91.7,95.2,0,57,0
16/01/2026 18:00 ¹.,43,7.613,1150.8,194.5,91.1,95.2,1,56.1,0
16/01/2026 19:00 ¹.,45,8.042,1192,195.5,91.4,95.2,1,54.7,0
16/01/2026 20:00 ¹.,43,7.463,1147.1,194.7,91.4,94.5,1,55.9,0
16/01/2026 21:00 ¹.,43,7.92,1187.6,197.6,93.6,95.2,1,56.1,0
16/01/2026 22:00 ¹.,42,7.468,1156.8,196.2,89.7,95.4,1,57,0
16/01/2026 23:00 ¹.,38,6.636,1105.4,197.2,90.9,93.6,0,57.1,0
16/01/2026 0:00 ¹.,39,6.837,1115.7,192.6,89.3,95.2,0,57.1,0
17/01/2026 1:00 ¹.,41,7.21,1114.6,187.8,86.2,95.1,0,58.1,0
17/01/2026 2:00 ¹.,42,7.533,1139.6,189.9,88.4,95.1,0,56.2,0
17/01/2026 3:00 ¹.,41,7.316,1114.5,191.7,87.4,94.9,0,57.6,0
17/01/2026 4:00 ¹.,37,6.501,1085.2,190.2,88.6,92.8,0,58.2,0
17/01/2026 5:00 ¹.,38,6.815,1074,188,87.2,91.4,0,58.2,0
17/01/2026 6:00 ¹.,37,6.486,1037.2,186.5,86.1,90.1,1,58.2,0
17/01/2026 7:00 ¹.,36,6.233,1005.6,188.6,90.9,90.1,1,63.8,0
17/01/2026 8:00 ¹.,28,4.705,901.8,187,84.7,90.2,0,53.6,0
17/01/2026 9:00 ¹.,26,4.312,869.4,184.9,85.2,90.2,0,55.1,0
17/01/2026 10:00 ¹.,27,4.511,890.3,194.3,93.5,90.1,1,56.2,0
17/01/2026 11:00 ¹.,27,4.424,861.7,196.3,93.8,90.1,1,55.5,0
17/01/2026 12:00 ¹.,30,5.181,932.1,196.7,91.8,90.1,1,56,0
17/01/2026 13:00 ¹.,38,6.671,1054.4,194.8,89.8,90.4,0,59.5,0
17/01/2026 14:00 ¹.,42,7.374,1155.8,201.5,96.1,91.8,0,61.3,0
17/01/2026 15:00 ¹.,39,6.853,1122.6,198.1,94.9,90.3,0,59.9,0
17/01/2026 16:00 ¹.,41,7.236,1079.4,192.1,93.2,91.5,0,60.1,0
17/01/2026 17:00 ¹.,44,7.68,1120.7,193.7,92.6,94.6,0,59.9,0
17/01/2026 18:00 ¹.,44,7.597,1115.1,196,93.4,96.5,0,61.8,0
17/01/2026 19:00 ¹.,40,6.847,1060.2,194.1,91.1,94.1,0,61.2,0
17/01/2026 20:00 ¹.,44,7.788,1144.8,195.3,95.7,90.2,0,63.2,0
17/01/2026 21:00 ¹.,43,7.384,1158,198.4,98.1,93,1,63.1,0
17/01/2026 22:00 ¹.,42,7.532,1180.1,195.4,95.9,94.4,1,59.5,0
17/01/2026 23:00 ¹.,43,7.535,1141.1,189,89.5,95.2,0,58.4,0
17/01/2026 0:00 ¹.,40,6.9,1073.7,190,91.5,94.6,0,61.5,0
18/01/2026 1:00 ¹.,39,6.691,1061.4,189.1,91.3,90.3,0,63.2,0
18/01/2026 2:00 ¹.,41,7.225,1086.4,191.6,92.4,93.1,0,63.2,0
18/01/2026 3:00 ¹.,35,5.945,1014.3,189.8,93,90.2,0,63.2,0
18/01/2026 4:00 ¹.,37,6.22,1013.9,189,92.8,90.1,1,61.4,0
18/01/2026 5:00 ¹.,37,6.19,1015.6,188.3,92,90.1,1,62.2,0
18/01/2026 6:00 ¹.,36,6.287,1029.9,189.1,92.1,90.1,0,63.2,0
18/01/2026 7:00 ¹.,34,5.743,974.9,187.8,92.5,90.1,0,65,0
18/01/2026 8:00 ¹.,36,6.224,997.6,193.8,96.6,90.1,0,61.1,0
18/01/2026 9:00 ¹.,35,5.994,995.8,194.7,92.4,90.2,0,58.9,0
18/01/2026 10:00 ¹.,36,6.062,1000.7,194.3,94.8,91.8,1,63.2,0
18/01/2026 11:00 ¹.,39,6.789,1055.6,199.6,96.8,92.9,1,63.3,0
18/01/2026 12:00 ¹.,42,7.277,1093.2,199.6,98,90.8,1,64,0
18/01/2026 13:00 ¹.,43,7.519,1151,202.9,98.9,93.5,0,65.1,0
18/01/2026 14:00 ¹.,43,7.475,1139.6,197.7,98.9,93.8,0,63.2,0
18/01/2026 15:00 ¹.,43,7.862,1148.1,194,95.8,93.4,0,62.4,0
18/01/2026 16:00 ¹.,43,7.631,1129.2,195.2,95.1,93.7,0,63.7,0
18/01/2026 17:00 ¹.,42,7.397,1117.1,195.8,92.6,95.8,0,62.2,0
18/01/2026 18:00 ¹.,42,7.53,1123.4,195.9,93.9,94,0,62.2,0
18/01/2026 19:00 ¹.,42,7.475,1111.6,198.1,95.5,94.7,0,61.3,0
18/01/2026 20:00 ¹.,40,6.854,1064.1,197.9,96.2,95.4,1,61.2,0
18/01/2026 21:00 ¹.,42,7.259,1095.2,198.2,94.1,95.4,1,61.2,0
18/01/2026 22:00 ¹.,41,7.236,1106.6,197.2,92.4,93.4,0,61.2,0
18/01/2026 23:00 ¹.,36,6.352,1050.6,195,93.7,92.9,0,61.3,0
18/01/2026 0:00 ¹.,38,6.68,1049,192.5,91.9,93.2,0,61.3,0
19/01/2026 1:00 ¹.,43,7.412,1099.4,195.5,95.2,94.4,0,61.3,0
19/01/2026 2:00 ¹.,40,6.792,1069.2,195.6,94,93.6,0,61.3,0
19/01/2026 3:00 ¹.,43,7.695,1131.8,198.1,96.2,94.8,0,61.3,0
19/01/2026 4:00 ¹.,43,7.659,1164.6,200,97.6,93.8,0,61.3,0
19/01/2026 5:00 ¹.,41,7.295,1133.6,199.3,97,92.9,0,61,0
19/01/2026 6:00 ¹.,40,6.976,1105.5,195.1,96.9,91.2,1,62.7,0
19/01/2026 7:00 ¹.,42,7.385,1086.4,189.3,96.6,90.8,1,63.2,0
19/01/2026 8:00 ¹.,42,7.427,1087.6,191.2,93.6,93,0,63.1,0
19/01/2026 9:00 ¹.,42,7.542,1111.5,197,96.4,93.9,0,60.9,0
19/01/2026 10:00 ¹.,44,8.134,1168,197.4,94.3,95.2,0,59.3,0
19/01/2026 11:00 ¹.,44,7.785,1138.4,199,94.9,95.4,0,59.7,0
19/01/2026 12:00 ¹.,42,7.34,1107.5,202.3,95.6,92.8,1,58.6,0
19/01/2026 13:00 ¹.,39,6.779,1098.1,199.5,95.4,95.4,1,61,0
19/01/2026 14:00 ¹.,40,6.983,1102.7,199.4,96.6,94.4,1,61.8,0
19/01/2026 15:00 ¹.,42,7.375,1097.7,194.8,94.4,95.2,0,62.3,0
19/01/2026 16:00 ¹.,41,7.132,1082,194.2,93.8,91.2,0,62.3,0
19/01/2026 17:00 ¹.,39,6.798,1071.1,194,90.2,92.1,0,60,0
19/01/2026 18:00 ¹.,42,7.385,1109.5,194.3,92.5,93.3,0,58.3,0
19/01/2026 19:00 ¹.,38,6.654,1047.9,195.7,91.7,95.3,0,60.2,0
19/01/2026 20:00 ¹.,39,6.79,1052.5,197.6,93.7,95.3,1,60.2,0
19/01/2026 21:00 ¹.,40,7.041,1097.6,197.8,94.7,92.4,1,60.2,0
19/01/2026 22:00 ¹.,41,7.293,1116.3,198.6,94.8,92.8,0,60.2,0
19/01/2026 23:00 ¹.,39,6.76,1087.5,200,97.7,94.9,0,60.2,0
19/01/2026 0:00 ¹.,36,6.229,1042.3,194,94.9,90.4,0,60.2,0
20/01/2026 1:00 ¹.,40,7.055,1080.5,191.2,91.7,93.2,0,57.4,0
20/01/2026 2:00 ¹.,40,6.901,1071.3,189.8,91.6,90.4,0,59.1,0
20/01/2026 3:00 ¹.,42,7.327,1097.7,192.6,93.6,90.4,0,59.2,0
20/01/2026 4:00 ¹.,43,7.502,1109.9,194.5,94,91.2,0,60.7,0
20/01/2026 5:00 ¹.,37,6.509,1079,195,94,88.8,0,61.7,0
20/01/2026 6:00 ¹.,36,6.218,1048.2,193.5,95.7,86.6,1,62.5,0
20/01/2026 7:00 ¹.,39,6.843,1051.5,188.4,94.6,86.6,1,63.6,0
20/01/2026 8:00 ¹.,41,7.361,1077.8,193.2,96.3,89.5,0,63.4,0
20/01/2026 9:00 ¹.,44,7.843,1113.5,197.5,96.5,94.6,0,63.2,0
20/01/2026 10:00 ¹.,45,7.974,1129.5,205.1,100.3,95.1,0,56.5,0
20/01/2026 11:00 ¹.,41,7.049,1081,209.8,100.6,92,0,52.6,0
20/01/2026 12:00 ¹.,38,6.374,1041,203.2,91.7,90.4,1,53.4,0
20/01/2026 13:00 ¹.,37,6.356,1057.1,199.1,94.4,90.4,1,61.2,0
20/01/2026 14:00 ¹.,41,7.25,1098.9,200.2,97.9,94.3,1,61.7,0
20/01/2026 15:00 ¹.,42,7.223,1091.8,199.2,94.8,95.3,0,61.3,0
20/01/2026 16:00 ¹.,38,6.478,1042.5,197.4,93.4,93.3,0,61.2,0
20/01/2026 17:00 ¹.,40,7.05,1076.7,198.6,94,91.7,0,62.2,0
20/01/2026 18:00 ¹.,40,6.975,1087.1,196.1,89.3,90.3,0,59.2,0
20/01/2026 19:00 ¹.,32,5.382,972.8,197.5,94.5,89,0,59.2,0
20/01/2026 20:00 ¹.,34,5.797,1008.3,198.5,94,86.6,1,58.7,0
20/01/2026 21:00 ¹.,37,6.497,1059.3,196.7,92,86.9,1,58.4,0
20/01/2026 22:00 ¹.,30,5.192,947.1,194.9,88.9,86.4,0,56.7,0
20/01/2026 23:00 ¹.,30,5.071,936,196.8,93.1,86.9,0,56.7,0
20/01/2026 0:00 ¹.,37,6.48,1078.3,200.3,91.7,91.9,0,59,0
21/01/2026 1:00 ¹.,30,5.019,982.5,192.6,87.4,90.4,0,53.4,0
21/01/2026 2:00 ¹.,33,5.75,991.7,190.5,88.2,90.5,0,51,0
21/01/2026 3:00 ¹.,30,5.089,939.6,190,84.8,94.5,0,48.9,0
21/01/2026 4:00 ¹.,25,4.123,860.2,186.7,83.6,95.3,0,50.1,0
21/01/2026 5:00 ¹.,23,3.686,826.8,187.1,85.2,95.3,0,51.5,0
21/01/2026 6:00 ¹.,16,2.329,732.4,185.9,87.3,95.3,0,52.4,0
21/01/2026 7:00 ¹.,10,1.136,632.8,185.6,89.3,95.3,1,51.1,0
21/01/2026 8:00 ¹.,26,4.256,861.3,190.5,87.8,91.5,0,54.1,0
21/01/2026 9:00 ¹.,33,5.503,977.5,192.2,90.4,90.3,0,60.9,0
21/01/2026 10:00 ¹.,41,7.182,1090.9,201.8,97.4,92.9,0,63.2,0
21/01/2026 11:00 ¹.,42,7.326,1106.9,205.7,97.3,95.4,0,63.2,0
21/01/2026 12:00 ¹.,39,6.651,1092.9,208,98.9,94.8,0,61.8,0
21/01/2026 13:00 ¹.,34,5.769,1032.5,198.3,89.7,90.7,0,56.2,0
21/01/2026 14:00 ¹.,34,5.818,1011.4,195.4,91.2,89.2,0,58.3,0
21/01/2026 15:00 ¹.,38,6.461,1059.5,198.9,91.5,95.3,0,60.8,0
21/01/2026 16:00 ¹.,39,6.721,1057.2,202.3,97.7,93.5,0,62.3,0
21/01/2026 17:00 ¹.,37,6.53,1071.5,203.6,93.3,90.5,0,62.3,0
21/01/2026 18:00 ¹.,40,6.96,1140.8,205.4,98.5,90.5,0,64,0
21/01/2026 19:00 ¹.,35,5.931,1059.1,205.4,98.6,90.5,1,64.2,0
21/01/2026 20:00 ¹.,37,6.34,1080.7,203.7,99,88.7,1,64,0
21/01/2026 21:00 ¹.,37,6.554,1111.4,203.2,95.6,89,1,64.2,0
21/01/2026 22:00 ¹.,40,7.074,1112.1,204.2,97.7,89.4,0,64.2,0
21/01/2026 23:00 ¹.,37,6.457,1102,203.1,98.4,88.8,0,64.1,0
21/01/2026 0:00 ¹.,40,7.073,1113.9,198.9,99.4,90.4,0,64.1,0
22/01/2026 1:00 ¹.,40,7.096,1089.5,201.2,100.6,90.5,0,63.4,0
22/01/2026 2:00 ¹.,41,7.314,1079.5,203.7,100.6,92.4,0,63,0
22/01/2026 3:00 ¹.,37,6.32,1007.1,203.2,100.5,92.4,0,61.3,0
22/01/2026 4:00 ¹.,37,6.528,1051.4,202.5,99.1,92.4,1,62.1,0
22/01/2026 5:00 ¹.,36,6.218,1039.3,197.7,98.4,91.3,1,63.6,0
22/01/2026 6:00 ¹.,43,7.894,1143.9,193.8,100.2,91.2,1,64.2,0
22/01/2026 7:00 ¹.,44,8.049,1156.2,196.1,96.2,91.3,1,64.5,0
22/01/2026 8:00 ¹.,43,7.789,1142,196.6,96.9,92.5,0,64.9,0
22/01/2026 9:00 ¹.,41,7.218,1080.6,196.2,95.4,92.9,0,63.6,0
22/01/2026 10:00 ¹.,41,7.127,1068.6,199.3,98.2,91,0,63.8,0
22/01/2026 11:00 ¹.,37,6.385,1039,201.4,99,91.4,1,63.8,0
22/01/2026 12:00 ¹.,36,6.24,1034,203,97.2,88.6,1,61.3,0
22/01/2026 13:00 ¹.,36,6.278,1052.4,201.8,96.6,90.4,1,63.7,0
22/01/2026 14:00 ¹.,34,5.688,1021.9,200.4,98.6,90.4,0,64.4,0
22/01/2026 15:00 ¹.,39,6.688,1064.8,196.9,98.6,90.3,0,64.5,0
22/01/2026 16:00 ¹.,41,7.223,1092.9,199.7,97.6,91.8,0,64.7,0
22/01/2026 17:00 ¹.,43,7.663,1118.9,202,98.4,95.4,0,64.2,0
22/01/2026 18:00 ¹.,42,7.508,1105.4,201.1,98.1,93.5,0,64.2,0
22/01/2026 19:00 ¹.,41,7.241,1094.7,199.8,98.2,90.6,0,64.4,0
22/01/2026 20:00 ¹.,41,7.257,1083.7,201.5,98.1,95.4,1,65,0
22/01/2026 21:00 ¹.,43,7.655,1112.1,205.6,99.7,95.5,1,65,0
22/01/2026 22:00 ¹.,42,7.467,1094.9,206.1,100.3,95.5,1,65.4,0
22/01/2026 23:00 ¹.,42,7.308,1118.3,205,100.4,95.4,0,65.9,0
22/01/2026 0:00 ¹.,41,7.279,1117.2,200.6,100.2,95.4,0,65.4,0
23/01/2026 1:00 ¹.,44,7.8,1128.8,196.7,98.6,92.7,0,63.9,0
23/01/2026 2:00 ¹.,44,7.829,1120.5,197.3,97.7,95.3,0,61.3,0
23/01/2026 3:00 ¹.,40,6.813,1071.3,194.8,94.6,90.4,0,61.1,0
23/01/2026 4:00 ¹.,35,5.841,1007.3,192.2,90.9,90.4,0,59,0
23/01/2026 5:00 ¹.,42,7.434,1138.1,199,99.9,90.4,1,64.1,0
23/01/2026 6:00 ¹.,42,7.298,1125.4,197.8,99.5,90.4,1,63.4,0
23/01/2026 7:00 ¹.,42,7.295,1089.1,192,96.4,89.2,1,63.2,0
23/01/2026 8:00 ¹.,44,7.758,1118.5,194,97.1,91.3,0,63.7,0
23/01/2026 9:00 ¹.,42,7.375,1092.3,198.6,98.7,94.6,0,63.5,0
23/01/2026 10:00 ¹.,44,7.914,1138.2,199.8,100.3,95.3,0,64.2,0
23/01/2026 11:00 ¹.,40,7.1,1085,199.5,96.5,92.5,1,64.1,0
23/01/2026 12:00 ¹.,39,6.736,1049.8,202.6,98.1,92.1,1,60.2,0
23/01/2026 13:00 ¹.,42,7.481,1126.5,206.5,98.2,95.4,1,60.4,0
23/01/2026 14:00 ¹.,43,7.84,1173.1,206.2,100.2,95.2,0,62.2,0
23/01/2026 15:00 ¹.,39,6.669,1078.1,197.6,97.2,92.4,0,60.7,0
23/01/2026 16:00 ¹.,41,7.059,1072.3,197.9,95.7,93.1,0,61.6,0
23/01/2026 17:00 ¹.,41,7.155,1088.3,198.4,90.7,95.3,0,59.2,0
23/01/2026 18:00 ¹.,43,7.625,1114.3,199.7,94.3,95.3,0,59.2,0
23/01/2026 19:00 ¹.,45,7.864,1141,202.4,95.9,95.3,0,59.2,0
23/01/2026 20:00 ¹.,43,7.576,1126,202.6,94.6,95.3,1,59.2,0
23/01/2026 21:00 ¹.,44,8.036,1156.1,206.2,96.4,95.4,1,59.2,0
23/01/2026 22:00 ¹.,43,7.798,1151.2,207.4,97.7,95.4,1,59.2,0
23/01/2026 23:00 ¹.,40,7.07,1123.6,206,96.4,95.4,0,59.2,0
23/01/2026 0:00 ¹.,43,7.671,1154.7,205,99.8,95.4,0,59.2,0
24/01/2026 1:00 ¹.,43,7.665,1128.1,198.1,93.4,93.8,0,59.2,0
24/01/2026 2:00 ¹.,41,7.339,1105.5,198,94.2,93.7,0,59.2,0
24/01/2026 3:00 ¹.,42,7.421,1103.8,198.7,93.2,95.3,0,59.1,0
24/01/2026 4:00 ¹.,41,7.405,1120.2,199.7,92.7,95.3,0,58.1,0
24/01/2026 5:00 ¹.,38,6.596,1088.3,200.4,93.7,91,0,58.2,0
24/01/2026 6:00 ¹.,39,6.752,1101.1,197.2,95.7,90.2,1,58.2,0
24/01/2026 7:00 ¹.,42,7.397,1104.7,195.4,93.3,93.1,1,58.2,0
24/01/2026 8:00 ¹.,39,6.724,1071.1,193.8,90.4,88.9,0,57.6,0
24/01/2026 9:00 ¹.,38,6.568,1051.8,196.9,91.9,94.4,0,56.2,0
24/01/2026 10:00 ¹.,45,7.95,1148.4,199.1,95.4,90.4,0,58.1,0
24/01/2026 11:00 ¹.,44,7.916,1160.8,202.4,96.2,92.6,0,58.1,0
24/01/2026 12:00 ¹.,43,7.583,1135,204.7,96.8,95.3,0,58.1,0
24/01/2026 13:00 ¹.,41,7.292,1110.3,205.5,95.1,94,0,58.3,0
24/01/2026 14:00 ¹.,37,6.437,1072.9,202.6,91.3,90.4,0,60,0
24/01/2026 15:00 ¹.,38,6.582,1084.5,204.1,96.3,90.4,0,61.6,0
24/01/2026 16:00 ¹.,41,7.365,1113.4,200.3,96.3,94.2,0,61.1,0
24/01/2026 17:00 ¹.,36,6.268,1057.5,200.3,94.7,90.4,0,57.2,0
24/01/2026 18:00 ¹.,37,6.532,1063.9,199.9,93.3,90.2,0,55.4,0
24/01/2026 19:00 ¹.,41,7.137,1096.4,200.2,90.3,93.5,0,53.7,0
24/01/2026 20:00 ¹.,38,6.599,1062.1,200.9,88.1,95.3,1,53.2,0
24/01/2026 21:00 ¹.,34,5.817,1039.1,201.9,90.4,92.3,1,54.6,0
24/01/2026 22:00 ¹.,38,6.595,1078.7,199.7,86.7,89.6,1,53.4,0
24/01/2026 23:00 ¹.,38,6.599,1113.6,199.6,90.9,88.7,0,56.9,0
24/01/2026 0:00 ¹.,38,6.584,1097.6,200.8,92,91.9,0,55.2,0
25/01/2026 1:00 ¹.,41,7.295,1098.6,195.2,90.5,95.3,0,55.2,0
25/01/2026 2:00 ¹.,40,7.073,1081.4,196.6,92,94.9,0,57.4,0
25/01/2026 3:00 ¹.,36,6.308,1038.7,195,88.1,90.4,0,56.4,0
25/01/2026 4:00 ¹.,37,6.548,1071.8,196.1,91.1,92,0,56.2,0
25/01/2026 5:00 ¹.,38,6.665,1069.1,195.1,91.5,92,0,56.8,0
25/01/2026 6:00 ¹.,34,5.832,990.8,192.6,90,95.3,1,58.2,0
25/01/2026 7:00 ¹.,30,5.346,949,192.3,89.3,93.2,1,57.2,0
25/01/2026 8:00 ¹.,34,5.988,992.6,193,89.2,90.4,0,57.6,0
25/01/2026 9:00 ¹.,35,5.899,1004.2,197.6,90.4,90.4,0,52.2,0
25/01/2026 10:00 ¹.,37,6.416,1047.1,198.7,90.2,90.6,0,54.5,0
25/01/2026 11:00 ¹.,40,6.945,1105,202.1,96.4,92.3,1,60.9,0
25/01/2026 12:00 ¹.,40,6.965,1108.4,205.2,97.3,95.3,1,57.2,0
25/01/2026 13:00 ¹.,39,6.918,1082.3,198.7,94.2,95.3,0,59.6,0
25/01/2026 14:00 ¹.,41,7.211,1087.4,199.8,95.9,93.9,0,60.2,0
25/01/2026 15:00 ¹.,41,7.334,1112.7,200.9,93.5,92.8,0,56.6,0
25/01/2026 16:00 ¹.,41,7.295,1106.8,201.4,94.2,93.8,0,54.8,0
25/01/2026 17:00 ¹.,41,7.187,1110.7,204.3,95.1,93.7,0,52.6,0
25/01/2026 18:00 ¹.,35,6.014,1033,203.6,93.4,87.2,1,50.9,0
25/01/2026 19:00 ¹.,38,6.519,1076,202.2,91.9,85.4,1,51.4,0
25/01/2026 20:00 ¹.,39,6.957,1147.8,201,95.7,87.5,1,53.1,0
25/01/2026 21:00 ¹.,36,6.097,1068.7,198.2,93.3,87,0,54.4,0
25/01/2026 22:00 ¹.,36,6.228,1044.4,188.4,88.8,86.4,0,54.5,0
25/01/2026 23:00 ¹.,43,7.884,1140.3,195.6,94,95.3,0,51.2,0
25/01/2026 0:00 ¹.,38,6.646,1065,193.4,88.5,90.4,0,53.3,0
26/01/2026 1:00 ¹.,35,6.141,1025.4,193.2,90.7,90.3,0,55.6,0
26/01/2026 2:00 ¹.,35,5.968,999.7,193.8,92.4,90.4,0,57.2,0
26/01/2026 3:00 ¹.,36,6.229,1025.3,194.6,91.1,90.4,1,57.2,0
26/01/2026 4:00 ¹.,35,5.998,1004.2,194.8,88.7,90.3,1,56.3,0
26/01/2026 5:00 ¹.,35,6.036,1006.3,196.1,89.1,90.3,1,56.2,0
26/01/2026 6:00 ¹.,32,5.692,992.4,196.7,88.8,88.6,0,56.2,0
26/01/2026 7:00 ¹.,36,6.226,1039.6,198.3,89.4,91.5,0,57.8,0
26/01/2026 8:00 ¹.,32,5.501,974,201.6,93.1,90.4,0,56.3,0
26/01/2026 9:00 ¹.,30,5.187,946.7,201.9,92.3,90.4,0,52.9,0
26/01/2026 10:00 ¹.,34,5.715,997.2,205.9,90.9,90.4,0,49.2,0
26/01/2026 11:00 ¹.,0,0,0,0,0,0,1,0,0
26/01/2026 12:00 ¹.,31,4.977,968.4,205.1,91.1,89.8,1,53.6,0
26/01/2026 13:00 ¹.,29,4.936,948.7,206.1,91.8,89.9,0,54.1,0
26/01/2026 14:00 ¹.,29,4.994,1001.1,205.4,89.8,89.7,0,51.5,0
26/01/2026 15:00 ¹.,35,6.027,1038.7,199.4,88.5,91.6,0,51.7,0
26/01/2026 16:00 ¹.,32,5.456,976.4,191.9,83.4,88.9,0,51.4,0
26/01/2026 17:00 ¹.,36,6.136,1014.5,193.9,84.8,92,0,51.4,0
26/01/2026 18:00 ¹.,35,6.046,997.2,196,87.3,93.5,0,53.3,0
26/01/2026 19:00 ¹.,37,6.383,1036.5,201.6,90.3,94.9,0,51,0
26/01/2026 20:00 ¹.,28,4.624,941.7,197.7,87.8,87.6,0,51.1,0
26/01/2026 21:00 ¹.,34,5.766,1006.5,203.9,91.6,88.8,0,51.1,0
26/01/2026 22:00 ¹.,33,5.723,992.5,198.1,87,90.5,0,53.4,0
26/01/2026 23:00 ¹.,36,6.163,1063.2,200.8,91.7,93.1,0,54.5,0
26/01/2026 0:00 ¹.,35,6.124,1011.1,191.6,87.3,91.1,0,54.7,0
27/01/2026 1:00 ¹.,38,6.503,1040.4,191.6,86.7,90.4,0,54.3,0
27/01/2026 2:00 ¹.,38,6.543,1048.9,193.1,86.9,90.4,0,54.2,0
27/01/2026 3:00 ¹.,37,6.407,1036.1,194.2,89.3,91.9,0,54.6,0
27/01/2026 4:00 ¹.,37,6.383,1037.2,199.8,91.1,90.4,0,55.2,0
27/01/2026 5:00 ¹.,36,6.245,1060.8,198,92.3,89.9,0,56.1,0
27/01/2026 6:00 ¹.,33,5.782,1019.5,193.9,92.3,88.6,0,56.2,0
27/01/2026 7:00 ¹.,35,6.126,1017.1,189.4,88.6,89.2,0,55.5,0
27/01/2026 8:00 ¹.,36,6.324,1016.6,192.2,87.6,90.4,0,55.2,0
27/01/2026 9:00 ¹.,39,6.698,1047.8,194.2,87.5,90.4,0,54.1,0
27/01/2026 10:00 ¹.,7,0,948.2,191.6,79.4,77.6,0,37.9,0
27/01/2026 11:00 ¹.,34,5.899,998.5,189,85.6,85.8,0,58.1,0
27/01/2026 12:00 ¹.,40,7.243,1096.7,200.2,93.1,90.4,0,61.5,0
27/01/2026 13:00 ¹.,37,6.395,1077.7,203.6,94.3,91,0,61.6,0
27/01/2026 14:00 ¹.,35,5.939,1025.5,200.8,95.6,89.7,0,58.5,0
27/01/2026 15:00 ¹.,40,6.867,1061.5,196.3,88.1,88,0,59.6,0
27/01/2026 16:00 ¹.,37,6.383,1029.7,197.2,90.2,88.6,0,60,0
27/01/2026 17:00 ¹.,31,5.255,976,196,86.5,89.4,0,53.2,0
27/01/2026 18:00 ¹.,28,4.673,933,198.4,89,90.4,0,53.2,0
27/01/2026 19:00 ¹.,29,4.924,950.8,200.6,90,90.4,0,53.2,0
27/01/2026 20:00 ¹.,26,4.347,901.5,199.5,90.7,90.4,0,53.2,0
27/01/2026 21:00 ¹.,28,4.721,904.4,199.2,90.1,86.5,0,54.6,0
27/01/2026 22:00 ¹.,33,5.595,973.1,200.9,93.4,88.7,0,55.2,0
27/01/2026 23:00 ¹.,33,5.515,1011.4,205.5,96.3,88.3,0,56.7,0
27/01/2026 0:00 ¹.,32,5.532,1041.7,199.8,94,87.3,0,57.7,0
28/01/2026 1:00 ¹.,34,5.749,980.9,192.4,88.5,92.1,0,58.2,0
28/01/2026 2:00 ¹.,33,5.657,981.2,194.1,90.3,90.4,0,57.2,0
28/01/2026 3:00 ¹.,34,5.949,991.4,192.7,87.5,90.4,0,57.2,0
28/01/2026 4:00 ¹.,35,6.023,999.3,194.3,88.5,90.4,0,58.7,0
28/01/2026 5:00 ¹.,34,5.88,1024.3,197.4,92.2,89.1,0,59.6,0
28/01/2026 6:00 ¹.,34,5.915,1042.7,196.5,95.2,88.6,0,59.6,0
28/01/2026 7:00 ¹.,36,6.451,1037.2,190.9,92.3,88.6,0,57.4,0
28/01/2026 8:00 ¹.,37,6.656,1064.7,192.6,89.8,89.5,0,58.8,0
28/01/2026 9:00 ¹.,34,5.929,1001,194.2,90.6,90.5,0,56.2,0
28/01/2026 10:00 ¹.,37,6.328,1022.2,195.3,88.3,91.7,0,57.3,0
28/01/2026 11:00 ¹.,37,6.588,1060.8,197.8,89.9,90.4,0,57.2,0
28/01/2026 12:00 ¹.,38,6.664,1073.8,200.2,91.2,90.4,0,58.5,0
28/01/2026 13:00 ¹.,35,6.19,1069,201.3,92.5,93.8,0,59.2,0
28/01/2026 14:00 ¹.,35,6.11,1037.2,199.6,93.3,95.4,0,58.9,0
28/01/2026 15:00 ¹.,37,6.499,1047.4,193.4,88.6,91.2,0,57.2,0
28/01/2026 16:00 ¹.,0,0,0,0,0,0,0,0,0
28/01/2026 17:00 ¹.,38,6.915,1086.1,197.7,88,90.4,0,57.1,0
28/01/2026 18:00 ¹.,35,6.029,1046.5,196.9,87.8,90.4,0,57.2,0
28/01/2026 19:00 ¹.,35,6.165,1048.7,196.2,86.8,89.7,0,57.2,0
28/01/2026 20:00 ¹.,32,5.665,1015.7,195.8,88.2,87.3,0,56.9,0
28/01/2026 21:00 ¹.,27,4.556,914.7,194.4,88.9,86.5,0,55.5,0
28/01/2026 22:00 ¹.,23,3.875,864.3,192.8,85.1,86.5,0,52.9,0
28/01/2026 23:00 ¹.,26,4.5,900.7,195.9,85.7,86,0,48.9,0
28/01/2026 0:00 ¹.,20,3.126,811.9,203.9,95.7,85.4,0,42.6,0
29/01/2026 1:00 ¹.,22,3.526,815.3,209.9,98.2,85.4,0,40.8,0
29/01/2026 2:00 ¹.,27,4.576,902.7,214.5,99.2,85.4,0,40.8,0
29/01/2026 3:00 ¹.,21,3.186,793.7,211.9,100.5,85.4,0,40.8,0
29/01/2026 4:00 ¹.,18,2.622,753.2,207.7,97.4,85.4,0,40.8,0
29/01/2026 5:00 ¹.,16,2.333,747.1,198.8,88.1,83.7,0,40.8,0
29/01/2026 6:00 ¹.,18,2.664,765,195.4,88.1,80.7,0,44.1,0
29/01/2026 7:00 ¹.,29,4.861,983.6,197.6,87.7,80.7,0,51.5,0
29/01/2026 8:00 ¹.,31,5.362,1015.6,197.8,89.6,82.3,0,55.8,0
29/01/2026 9:00 ¹.,30,5.097,960.4,200.4,89.1,86.7,0,56.2,0
29/01/2026 10:00 ¹.,25,4.204,900.3,202.1,90.7,86.4,0,56.2,0
29/01/2026 11:00 ¹.,25,4.112,890.9,202.6,89.6,84.5,0,52.5,0
29/01/2026 12:00 ¹.,22,3.563,852.2,198,85.5,80.6,0,50.9,0
29/01/2026 13:00 ¹.,24,3.997,873.3,198.3,86.3,80.7,0,52.2,0
29/01/2026 14:00 ¹.,26,4.222,898.4,205.5,95.3,80.6,0,51.2,0
29/01/2026 15:00 ¹.,23,3.834,864.1,208.2,93,82,0,49.8,0
29/01/2026 16:00 ¹.,28,4.88,941.5,204.8,87.2,86.8,0,49.3,0
29/01/2026 17:00 ¹.,25,4.465,949.6,204.8,87.8,80.5,0,47,0
29/01/2026 18:00 ¹.,30,5.309,1020.6,205,95.4,83.5,0,52.3,0
29/01/2026 19:00 ¹.,31,5.543,1029.1,193.9,89.8,81.2,0,50.3,0
29/01/2026 20:00 ¹.,33,5.878,1035.9,190.5,86.8,83,0,51.1,0
29/01/2026 21:00 ¹.,31,5.506,1004.7,193.3,88.6,80.7,0,49.1,0
29/01/2026 22:00 ¹.,24,4.184,923,189.3,82.9,77.7,0,44,0
29/01/2026 23:00 ¹.,16,2.476,778.1,183.4,80.1,74.6,0,40.4,0
29/01/2026 0:00 ¹.,-1,0,570.9,170,68.6,38.1,0,31.2,0
30/01/2026 1:00 ¹.,0,-0.773,507.5,174.9,63.4,26,0,26,0
30/01/2026 2:00 ¹.,0,-0.794,470.1,154.6,67,26,0,26,0
30/01/2026 3:00 ¹.,4,-0.768,439.8,140.9,59.3,26,0,26,0
30/01/2026 4:00 ¹.,14,-0.771,416.2,145.2,59.7,26,0,26,0
30/01/2026 5:00 ¹.,18,-0.769,396.8,143.6,59.7,26,0,26,0
30/01/2026 6:00 ¹.,21,-0.766,380.1,139.9,59.4,26,0,26,0
30/01/2026 7:00 ¹.,23,-0.762,364.7,135.3,59,26,0,26,0
30/01/2026 8:00 ¹.,24,-0.752,350.2,130.7,58.5,26,0,26,0
30/01/2026 9:00 ¹.,26,-0.728,336.6,124.4,47.9,25.9,0,26,0
30/01/2026 10:00 ¹.,28,-0.694,338.5,122.5,41.1,3.4,0,3.3,0
30/01/2026 11:00 ¹.,29,-0.672,329.2,127.8,41.1,0,0,0,0
30/01/2026 12:00 ¹.,30,-0.671,316.5,125.3,41.1,0,0,0,0
30/01/2026 13:00 ¹.,31,-0.666,310.4,120.4,41.1,0,0,0,0
30/01/2026 14:00 ¹.,32,-0.664,299.8,117.7,41.1,0,0,0,0
30/01/2026 15:00 ¹.,32,-0.662,283.7,116.1,41.1,0,0,0,0
30/01/2026 16:00 ¹.,33,-0.667,278.1,103.4,41.1,0,0,0,0
30/01/2026 17:00 ¹.,33,-0.662,267.8,97.2,41.1,0,0,0,0
30/01/2026 18:00 ¹.,33,-0.514,256.3,94.1,41.1,0,0,0,0
30/01/2026 19:00 ¹.,33,-0.485,245.6,89.5,41.1,0,0,0,0
30/01/2026 20:00 ¹.,33,-0.438,236.7,87.2,41.1,0,0,0,0
30/01/2026 21:00 ¹.,33,-0.358,228.6,84.2,41.1,0,0,0,0
30/01/2026 22:00 ¹.,33,-0.333,221.1,81.8,41.1,0,0,0,0
30/01/2026 23:00 ¹.,32,-0.335,214,79.2,41.1,0,0,0,0
30/01/2026 0:00 ¹.,32,-0.352,207.7,76,41.1,0,0,0,0
31/01/2026 1:00 ¹.,32,-0.344,201.3,73.9,41.1,0,0,0,0
31/01/2026 2:00 ¹.,32,-0.348,193.2,73.2,41.1,0,0,0,0
31/01/2026 3:00 ¹.,32,-0.336,184.1,73.3,41.1,0,0,0,0
31/01/2026 4:00 ¹.,32,-0.332,178.2,71.3,41.1,0,0,0,0
31/01/2026 5:00 ¹.,32,-0.325,173.1,69.2,41.1,0,0,0,0
31/01/2026 6:00 ¹.,32,-0.324,168.1,67.2,41.1,0,0,0,0
31/01/2026 7:00 ¹.,32,-0.324,163.6,65.2,41,0,0,0,0
31/01/2026 8:00 ¹.,32,-0.314,156,65,41,0,0,0,0
31/01/2026 9:00 ¹.,32,-0.319,149.4,64.8,41,0,0,0,0
31/01/2026 10:00 ¹.,33,-0.339,146.5,63.9,43.6,0,0,0,0
31/01/2026 11:00 ¹.,33,-0.366,143.5,62.8,50.8,0,0,0,0
31/01/2026 12:00 ¹.,29,-0.372,141.4,61.2,50.8,0,0,0,0
31/01/2026 13:00 ¹.,22,-0.363,139.6,60,50.8,0,0,0,0
31/01/2026 14:00 ¹.,22,-0.364,137.7,59,50.8,0,0,0,0
31/01/2026 15:00 ¹.,23,-0.373,135.6,58.4,50.8,0,0,0,0
31/01/2026 16:00 ¹.,23,-0.372,131.5,58,50.7,0,0,0,0
31/01/2026 17:00 ¹.,23,-0.382,129.3,57.2,50.8,0,0,0,0
31/01/2026 18:00 ¹.,23,-0.376,126.9,56,50.8,0,0,0,0
31/01/2026 19:00 ¹.,23,-0.369,124.6,54.7,50.8,0,0,0,0
31/01/2026 20:00 ¹.,23,-0.366,121.7,53.4,50.8,0,0,0,0
31/01/2026 21:00 ¹.,23,-0.388,118.4,51.9,50.8,0,0,0,0
31/01/2026 22:00 ¹.,22,-0.392,114.9,50.3,50.8,0,0,0,0
31/01/2026 23:00 ¹.,22,-0.391,111.8,48.8,50.8,0,0,0,0
31/01/2026 0:00 ¹.,22,-0.381,109.4,47.3,50.8,0,0,0,0
1/02/2026 1:00 ¹.,22,-0.369,107.4,45.9,50.8,0,0,0,0
1/02/2026 2:00 ¹.,22,-0.388,105.2,44.8,50.8,0,0,0,0
1/02/2026 3:00 ¹.,22,-0.392,102.3,43.6,50.8,0,0,0,0
1/02/2026 4:00 ¹.,22,-0.371,100,42.5,50.8,0,0,0,0
1/02/2026 5:00 ¹.,22,-0.357,97.7,41.4,50.8,0,0,0,0
1/02/2026 6:00 ¹.,22,-0.356,96,40.3,50.8,0,0,0,0
1/02/2026 7:00 ¹.,22,-0.371,94.1,39.4,50.8,0,0,0,0
1/02/2026 8:00 ¹.,21,-0.363,92.3,38.5,50.8,0,0,0,0
1/02/2026 9:00 ¹.,19,-0.357,91,38.1,50.8,0,0,0,0
1/02/2026 10:00 ¹.,15,-0.354,89.8,38.1,50.8,0,0,0,0
1/02/2026 11:00 ¹.,3,-0.353,88.5,38.2,50.8,0,0,0,0
1/02/2026 12:00 ¹.,-1,-0.371,87.4,38.4,50.8,0,0,0,0
1/02/2026 13:00 ¹.,-1,-0.361,86.9,38.7,50.8,0,0,0,0
1/02/2026 14:00 ¹.,-1,-0.378,86.5,39.3,50.8,0,0,0,0
1/02/2026 15:00 ¹.,-1,-0.363,85.7,39.9,50.8,0,0,0,0
1/02/2026 16:00 ¹.,-1,-0.373,84.8,40.1,50.8,0,0,0,0
1/02/2026 17:00 ¹.,-1,-0.401,83.9,40.1,50.8,0,0,0,0
1/02/2026 18:00 ¹.,-1,-0.103,92.1,39.3,0,0,0,0,0
1/02/2026 19:00 ¹.,-1,-0.228,104.3,38,1.3,0,0,0,0
1/02/2026 20:00 ¹.,-1,-0.33,107,37,1.3,0,0,0,0
1/02/2026 21:00 ¹.,-1,-0.453,96.6,38.1,41.3,0,0,0,0
1/02/2026 22:00 ¹.,-1,-0.575,96.1,39,43.8,0,0,0,0
1/02/2026 23:00 ¹.,-1,-0.589,157.8,58.7,50.1,21,0,10.7,0
1/02/2026 0:00 ¹.,-1,-0.645,210.5,83.3,61.7,37,0,21.1,0
2/02/2026 1:00 ¹.,0,0,0,0,0,0,0,0,0
2/02/2026 2:00 ¹.,-1,0,556,180.3,84.7,65.5,0,49,0
2/02/2026 3:00 ¹.,0,0,584.4,179.7,89.2,73.5,0,51.5,0
2/02/2026 4:00 ¹.,1,0,649.1,189.4,91.7,80.4,0,52.1,0
2/02/2026 5:00 ¹.,18,3.007,662.7,190.9,92.4,86.1,0,52.5,0
2/02/2026 6:00 ¹.,22,3.731,708.9,191.8,94.1,90.6,0,53.7,0
2/02/2026 7:00 ¹.,21,3.57,734.8,191,92.2,90.5,0,51.1,0
2/02/2026 8:00 ¹.,28,5.306,787.5,196.3,96.3,90.6,0,55.4,0
2/02/2026 9:00 ¹.,33,5.798,834.4,197.7,97.8,93.5,0,56.4,0
2/02/2026 10:00 ¹.,37,6.489,893.5,208.4,100,95.6,0,59.1,0
2/02/2026 11:00 ¹.,40,7.21,922.5,215,100.4,95.5,0,59.2,0
2/02/2026 12:00 ¹.,40,6.981,925.5,211.7,100.4,95.5,0,59.9,0
2/02/2026 13:00 ¹.,37,6.496,948.6,200.8,100.4,95.5,0,62.1,0
2/02/2026 14:00 ¹.,42,7.334,971.1,194.6,100.1,95.4,0,61.3,0
2/02/2026 15:00 ¹.,42,7.543,953.8,199.3,99.9,95.5,0,61.3,0
2/02/2026 16:00 ¹.,42,7.32,963.1,200.3,100.2,95.5,0,61.3,0
2/02/2026 17:00 ¹.,41,7.127,965.4,201.4,100.1,92.6,0,61.9,0
2/02/2026 18:00 ¹.,38,6.433,954.4,199.8,96.9,90.6,0,59.5,0
2/02/2026 19:00 ¹.,40,7.024,965.2,200.9,97.1,91.9,0,58.7,0
2/02/2026 20:00 ¹.,40,7.042,965.7,202.9,97.8,90.8,0,59.2,0
2/02/2026 21:00 ¹.,41,7.214,930.5,203.5,99.6,92.1,0,58.1,0
2/02/2026 22:00 ¹.,41,7.291,961,197.5,98.3,90.6,0,59.8,0
2/02/2026 23:00 ¹.,44,7.788,952.3,195.2,99.2,91.2,0,60.9,0
2/02/2026 0:00 ¹.,44,8.092,886.7,198.4,98,93.2,0,59.4,0
3/02/2026 1:00 ¹.,43,7.643,926,197.8,95.2,92.8,0,61.4,0
3/02/2026 2:00 ¹.,41,7.127,950.7,197.9,96.4,91.8,0,63.1,0
3/02/2026 3:00 ¹.,39,6.782,953.7,198.9,95.3,90.2,0,60.5,0
3/02/2026 4:00 ¹.,36,6.209,954,198.6,96.3,90.6,0,58.2,0
3/02/2026 5:00 ¹.,36,6.462,946.6,192,92.5,88.3,0,58.3,0
3/02/2026 6:00 ¹.,38,6.664,949.1,192.7,93.4,90.6,0,59.2,0
3/02/2026 7:00 ¹.,35,6.192,917.1,193.8,94,90.6,0,58.1,0
3/02/2026 8:00 ¹.,39,7.039,938,194.8,91.4,91.7,0,55.5,0
3/02/2026 9:00 ¹.,42,7.38,960.2,199.8,97.5,92.9,0,60.1,0
3/02/2026 10:00 ¹.,41,7.245,961.3,198.5,93.5,91.6,0,57.9,0
3/02/2026 11:00 ¹.,40,6.999,960.7,198.3,93,91.4,0,57.2,0
3/02/2026 12:00 ¹.,41,7.335,955.3,204.1,95.3,92.4,0,56.3,0
3/02/2026 13:00 ¹.,39,6.671,965.1,204.7,98.4,93.6,0,59.1,0
3/02/2026 14:00 ¹.,40,6.839,979.6,200.7,95.1,90.7,0,58.2,0
3/02/2026 15:00 ¹.,43,7.789,960.3,197.1,97.5,93.6,0,59.1,0
3/02/2026 16:00 ¹.,34,5.941,921.3,198.5,99.2,93,0,55.2,0
3/02/2026 17:00 ¹.,39,6.924,960.4,198,95,90.6,0,58.2,0
3/02/2026 18:00 ¹.,40,6.981,968.6,197.6,96.4,90.9,0,59.2,0
3/02/2026 19:00 ¹.,41,7.211,969.5,200.9,98.4,91.7,0,59.2,0
3/02/2026 20:00 ¹.,42,7.408,962.8,201.8,98.3,91.8,0,59.2,0
3/02/2026 21:00 ¹.,38,6.483,950.8,200.7,98,90.6,0,58.6,0
3/02/2026 22:00 ¹.,41,7.299,955.7,203.4,98.7,92.5,0,58,0
3/02/2026 23:00 ¹.,38,6.608,953.3,202.7,99.5,88.1,0,58.1,0
3/02/2026 0:00 ¹.,39,6.939,953.1,198.5,99.8,87.6,0,55.8,0
4/02/2026 1:00 ¹.,42,7.523,957.9,197.7,93.6,94,0,54,0
4/02/2026 2:00 ¹.,39,6.599,952.3,195.8,94.1,90.8,0,56.6,0
4/02/2026 3:00 ¹.,40,6.958,945.1,199.7,97.6,90.9,0,57.7,0
4/02/2026 4:00 ¹.,43,7.497,961.6,203.1,99.5,91.3,0,59.1,0
4/02/2026 5:00 ¹.,40,6.906,965.8,203.1,99.4,90.4,0,58.5,0
4/02/2026 6:00 ¹.,39,6.816,971.1,200.6,99.1,88.5,0,57.8,0
4/02/2026 7:00 ¹.,40,7.041,963.1,195.3,99,88.7,0,56.4,0
4/02/2026 8:00 ¹.,0,0,0,0,0,0,0,0,0
4/02/2026 9:00 ¹.,0,0,0,0,0,0,0,0,0
4/02/2026 10:00 ¹.,0,0,0,0,0,0,0,0,0
4/02/2026 11:00 ¹.,0,0,0,0,0,0,0,0,0
4/02/2026 12:00 ¹.,0,0,0,0,0,0,0,0,0
4/02/2026 13:00 ¹.,0,0,0,0,0,0,0,0,0
4/02/2026 14:00 ¹.,0,0,0,0,0,0,0,0,0
4/02/2026 15:00 ¹.,0,0,0,0,0,0,0,0,0
4/02/2026 16:00 ¹.,0,0,0,0,0,0,0,0,0
4/02/2026 17:00 ¹.,0,0,0,0,0,0,0,0,0
4/02/2026 18:00 ¹.,0,0,0,0,0,0,0,0,0
4/02/2026 19:00 ¹.,0,0,0,0,0,0,0,0,0
4/02/2026 20:00 ¹.,0,0,0,0,0,0,0,0,0
4/02/2026 21:00 ¹.,0,0,0,0,0,0,0,0,0
4/02/2026 22:00 ¹.,0,0,0,0,0,0,0,0,0
4/02/2026 23:00 ¹.,0,0,0,0,0,0,0,0,0
4/02/2026 0:00 ¹.,0,0,0,0,0,0,0,0,0
5/02/2026 1:00 ¹.,0,0,0,0,0,0,0,0,0
5/02/2026 2:00 ¹.,0,0,0,0,0,0,0,0,0
5/02/2026 3:00 ¹.,0,0,0,0,0,0,0,0,0
5/02/2026 4:00 ¹.,0,0,0,0,0,0,0,0,0
5/02/2026 5:00 ¹.,0,0,0,0,0,0,0,0,0
5/02/2026 6:00 ¹.,0,0,0,0,0,0,0,0,0
5/02/2026 7:00 ¹.,0,0,0,0,0,0,0,0,0
5/02/2026 8:00 ¹.,0,0,0,0,0,0,0,0,0
5/02/2026 9:00 ¹.,0,0,0,0,0,0,0,0,0
5/02/2026 10:00 ¹.,0,0,0,0,0,0,0,0,0
5/02/2026 11:00 ¹.,0,0,0,0,0,0,0,0,0
5/02/2026 12:00 ¹.,0,0,0,0,0,0,0,0,0
5/02/2026 13:00 ¹.,0,0,0,0,0,0,0,0,0
5/02/2026 14:00 ¹.,0,0,0,0,0,0,0,0,0
5/02/2026 15:00 ¹.,0,0,0,0,0,0,0,0,0
5/02/2026 16:00 ¹.,0,0,0,0,0,0,0,0,0
5/02/2026 17:00 ¹.,0,0,0,0,0,0,0,0,0
5/02/2026 18:00 ¹.,0,0,0,0,0,0,0,0,0
5/02/2026 19:00 ¹.,0,0,0,0,0,0,0,0,0
5/02/2026 20:00 ¹.,0,0,0,0,0,0,0,0,0
5/02/2026 21:00 ¹.,0,0,0,0,0,0,0,0,0
5/02/2026 22:00 ¹.,0,0,0,0,0,0,0,0,0
5/02/2026 23:00 ¹.,0,0,0,0,0,0,0,0,0
5/02/2026 0:00 ¹.,0,0,0,0,0,0,0,0,0
6/02/2026 1:00 ¹.,0,0,0,0,0,0,0,0,0
6/02/2026 2:00 ¹.,0,0,0,0,0,0,0,0,0
6/02/2026 3:00 ¹.,0,0,0,0,0,0,0,0,0
6/02/2026 4:00 ¹.,0,0,0,0,0,0,0,0,0
6/02/2026 5:00 ¹.,0,0,0,0,0,0,0,0,0
6/02/2026 6:00 ¹.,0,0,0,0,0,0,0,0,0
6/02/2026 7:00 ¹.,0,0,0,0,0,0,0,0,0
6/02/2026 8:00 ¹.,0,0,0,0,0,0,0,0,0
6/02/2026 9:00 ¹.,0,0,0,0,0,0,0,0,0
6/02/2026 10:00 ¹.,0,0,0,0,0,0,0,0,0
6/02/2026 11:00 ¹.,0,0,0,0,0,0,0,0,0
6/02/2026 12:00 ¹.,0,0,0,0,0,0,0,0,0
6/02/2026 13:00 ¹.,0,0,0,0,0,0,0,0,0
6/02/2026 14:00 ¹.,0,0,0,0,0,0,0,0,0
6/02/2026 15:00 ¹.,0,0,0,0,0,0,0,0,0
6/02/2026 16:00 ¹.,0,0,0,0,0,0,0,0,0
6/02/2026 17:00 ¹.,0,0,0,0,0,0,0,0,0
6/02/2026 18:00 ¹.,0,0,0,0,0,0,0,0,0
6/02/2026 19:00 ¹.,0,0,0,0,0,0,0,0,0
6/02/2026 20:00 ¹.,0,0,0,0,0,0,0,0,0
6/02/2026 21:00 ¹.,0,0,0,0,0,0,0,0,0
6/02/2026 22:00 ¹.,0,0,0,0,0,0,0,0,0
6/02/2026 23:00 ¹.,0,0,0,0,0,0,0,0,0
6/02/2026 0:00 ¹.,0,0,0,0,0,0,0,0,0
7/02/2026 1:00 ¹.,0,0,0,0,0,0,0,0,0
7/02/2026 2:00 ¹.,0,0,0,0,0,0,0,0,0
7/02/2026 3:00 ¹.,0,0,0,0,0,0,0,0,0
7/02/2026 4:00 ¹.,0,0,0,0,0,0,0,0,0
7/02/2026 5:00 ¹.,0,0,0,0,0,0,0,0,0
7/02/2026 6:00 ¹.,0,0,0,0,0,0,0,0,0
7/02/2026 7:00 ¹.,0,0,0,0,0,0,0,0,0
7/02/2026 8:00 ¹.,0,0,0,0,0,0,0,0,0
7/02/2026 9:00 ¹.,0,0,0,0,0,0,0,0,0
7/02/2026 10:00 ¹.,0,0,0,0,0,0,0,0,0
7/02/2026 11:00 ¹.,0,0,0,0,0,0,0,0,0
7/02/2026 12:00 ¹.,0,0,0,0,0,0,0,0,0
7/02/2026 13:00 ¹.,0,0,0,0,0,0,0,0,0
7/02/2026 14:00 ¹.,0,0,0,0,0,0,0,0,0
7/02/2026 15:00 ¹.,0,0,0,0,0,0,0,0,0
7/02/2026 16:00 ¹.,0,0,0,0,0,0,0,0,0
7/02/2026 17:00 ¹.,0,0,0,0,0,0,0,0,0
7/02/2026 18:00 ¹.,0,0,0,0,0,0,0,0,0
7/02/2026 19:00 ¹.,0,0,0,0,0,0,0,0,0
7/02/2026 20:00 ¹.,0,0,0,0,0,0,0,0,0
7/02/2026 21:00 ¹.,0,0,0,0,0,0,0,0,0
7/02/2026 22:00 ¹.,0,0,0,0,0,0,0,0,0
7/02/2026 23:00 ¹.,0,0,0,0,0,0,0,0,0
7/02/2026 0:00 ¹.,0,0,0,0,0,0,0,0,0
8/02/2026 1:00 ¹.,0,0,0,0,0,0,0,0,0
8/02/2026 2:00 ¹.,0,0,0,0,0,0,0,0,0
8/02/2026 3:00 ¹.,0,0,0,0,0,0,0,0,0
8/02/2026 4:00 ¹.,0,0,0,0,0,0,0,0,0
8/02/2026 5:00 ¹.,0,0,0,0,0,0,0,0,0
8/02/2026 6:00 ¹.,0,0,0,0,0,0,0,0,0
8/02/2026 7:00 ¹.,0,0,0,0,0,0,0,0,0
8/02/2026 8:00 ¹.,0,0,0,0,0,0,0,0,0
8/02/2026 9:00 ¹.,0,0,0,0,0,0,0,0,0
8/02/2026 10:00 ¹.,0,0,0,0,0,0,0,0,0
8/02/2026 11:00 ¹.,0,0,0,0,0,0,0,0,0
8/02/2026 12:00 ¹.,0,0,0,0,0,0,0,0,0
8/02/2026 13:00 ¹.,0,0,0,0,0,0,0,0,0
8/02/2026 14:00 ¹.,0,0,0,0,0,0,0,0,0
8/02/2026 15:00 ¹.,0,0,0,0,0,0,0,0,0
8/02/2026 16:00 ¹.,0,0,0,0,0,0,0,0,0
8/02/2026 17:00 ¹.,0,0,0,0,0,0,0,0,0
8/02/2026 18:00 ¹.,0,0,0,0,0,0,0,0,0
8/02/2026 19:00 ¹.,0,0,0,0,0,0,0,0,0
8/02/2026 20:00 ¹.,0,0,0,0,0,0,0,0,0
8/02/2026 21:00 ¹.,0,0,0,0,0,0,0,0,0
8/02/2026 22:00 ¹.,0,0,0,0,0,0,0,0,0
8/02/2026 23:00 ¹.,0,0,0,0,0,0,0,0,0
8/02/2026 0:00 ¹.,0,0,0,0,0,0,0,0,0
9/02/2026 1:00 ¹.,0,0,0,0,0,0,0,0,0
9/02/2026 2:00 ¹.,0,0,0,0,0,0,0,0,0
9/02/2026 3:00 ¹.,0,0,0,0,0,0,0,0,0
9/02/2026 4:00 ¹.,0,0,0,0,0,0,0,0,0
9/02/2026 5:00 ¹.,0,0,0,0,0,0,0,0,0
9/02/2026 6:00 ¹.,0,0,0,0,0,0,0,0,0
9/02/2026 7:00 ¹.,0,0,0,0,0,0,0,0,0
9/02/2026 8:00 ¹.,0,0,0,0,0,0,0,0,0
9/02/2026 9:00 ¹.,0,0,0,0,0,0,0,0,0
9/02/2026 10:00 ¹.,0,0,0,0,0,0,0,0,0
9/02/2026 11:00 ¹.,0,0,0,0,0,0,0,0,0
9/02/2026 12:00 ¹.,0,0,0,0,0,0,0,0,0
9/02/2026 13:00 ¹.,0,0,0,0,0,0,0,0,0
9/02/2026 14:00 ¹.,0,0,0,0,0,0,0,0,0
9/02/2026 15:00 ¹.,0,0,0,0,0,0,0,0,0
9/02/2026 16:00 ¹.,0,0,0,0,0,0,0,0,0
9/02/2026 17:00 ¹.,0,0,0,0,0,0,0,0,0
9/02/2026 18:00 ¹.,0,0,0,0,0,0,0,0,0
9/02/2026 19:00 ¹.,41,0,1048.9,200.5,97.3,93.7,0,56.3,0
9/02/2026 20:00 ¹.,42,0,1070.7,203.7,97.6,95.5,0,58.9,0
9/02/2026 21:00 ¹.,41,0,1076.7,206.1,100.1,95.4,0,58.3,0
9/02/2026 22:00 ¹.,42,0,1099.6,199.7,98.7,94.3,0,58,0
9/02/2026 23:00 ¹.,43,0,1095.2,198.3,97.3,92.8,0,57.1,0
9/02/2026 0:00 ¹.,40,0,1046.4,197.4,95.3,90.9,0,57.2,0
10/02/2026 1:00 ¹.,42,0,1070.6,199.6,95.8,92.7,0,57.2,0
10/02/2026 2:00 ¹.,43,0,1084.5,201.2,96.7,92.3,0,57.2,0
10/02/2026 3:00 ¹.,43,0,1095.4,202.8,97.3,92.3,0,57.5,0
10/02/2026 4:00 ¹.,43,0,1123.9,203.7,100.1,92.9,0,58.7,0
10/02/2026 5:00 ¹.,42,0,1080.2,198.3,98.2,92,0,58.3,0
10/02/2026 6:00 ¹.,38,0,1008.6,197.1,95.5,90.6,0,59.2,0
10/02/2026 7:00 ¹.,38,0,1008.1,196.9,94.9,90.6,0,59.2,0
10/02/2026 8:00 ¹.,0,0,0,0,0,0,0,0,0
10/02/2026 9:00 ¹.,0,0,0,0,0,0,0,0,0
10/02/2026 10:00 ¹.,0,0,0,0,0,0,0,0,0
10/02/2026 11:00 ¹.,0,0,0,0,0,0,0,0,0
10/02/2026 12:00 ¹.,0,0,0,0,0,0,0,0,0
10/02/2026 13:00 ¹.,0,0,0,0,0,0,0,0,0
10/02/2026 14:00 ¹.,0,0,0,0,0,0,0,0,0
10/02/2026 15:00 ¹.,0,0,0,0,0,0,0,0,0
10/02/2026 16:00 ¹.,0,0,0,0,0,0,0,0,0
10/02/2026 17:00 ¹.,0,0,0,0,0,0,0,0,0
10/02/2026 18:00 ¹.,0,0,0,0,0,0,0,0,0
10/02/2026 19:00 ¹.,0,0,0,0,0,0,0,0,0
10/02/2026 20:00 ¹.,0,0,0,0,0,0,0,0,0
10/02/2026 21:00 ¹.,0,0,0,0,0,0,0,0,0
10/02/2026 22:00 ¹.,0,0,0,0,0,0,0,0,0
10/02/2026 23:00 ¹.,0,0,0,0,0,0,0,0,0
10/02/2026 0:00 ¹.,0,0,0,0,0,0,0,0,0
